UserID,City,State,Country,Location,Age,Zipcode,PaymentNumber,Password,Name
119749,omaha, nebraska, usa,"omaha , nebraska , usa",45,68007,220445883,M2zLqWIv4Y5b,Norbert Bays
122723,north reading, massachusetts, usa,"north reading , massachusetts , usa",52,01864,567674039,VDlKLS,Judy Thompson
232852,inver grove heights, minnesota, usa,"inver grove heights , minnesota , usa",61,55076,329168785,bVCWgPX59YXLg6Av,David Nelson
235430,bellingham, washington, usa,"bellingham , washington , usa",61,98225,265251542,6WkFNIO9rQ,Donald Lewandowski
44087,virginia beach, virginia, usa,"virginia beach , virginia , usa",62,23462,296691067,jo6ZSqk4gB8KQR,Marvin Nemerofsky
189026,cleveland, ohio, usa,"cleveland , ohio , usa",39,44101,373551512,CrYFAOk1AQp2zp3,Andrew Barnes
249627,hewitt, texas, usa,"hewitt , texas , usa",42,76643,619120407,Ld1Pli5tCR,Jerome Penn
251897,minneapolis, minnesota, usa,"minneapolis , minnesota , usa",36,55111,527630983,GlnGMNGgakoY,Patricia Booker
57555,dumont, new jersey, usa,"dumont , new jersey , usa",58,07628,614934808,KggSOtWo,Morris Hamilton
121424,mason, ohio, usa,"mason , ohio , usa",39,45034,769502565,EGDLM8oPJ6,Pauline Gray
155079,kansas city, missouri, usa,"kansas city , missouri , usa",32,64030,317583892,mwLntQg3iW,Rebecca Hoekstra
197894,henderson, nebraska, usa,"henderson , nebraska , usa",34,68371,241738940,NxGVpON2nf,Allen Cole
200233,las vegas, nevada, usa,"las vegas , nevada , usa",45,88901,239529583,SdmvuejOeGMvaJt,Charlotte Nelsen
243141,zeeland, michigan, usa,"zeeland , michigan , usa",63,49464,216388158,pUpgIMA4zniUW8,Steve Scott
7278,lynnwood, washington, usa,"lynnwood , washington , usa",63,98036,613472806,RTqNSc8defynQE,Richard Morrow
35921,mentor, ohio, usa,"mentor , ohio , usa",49,44060,224168066,N3cFCpvVfDMI,Raymond Birchfield
42238,stillwater, minnesota, usa,"stillwater , minnesota , usa",55,55082,167129799,tOsacn7Md,Jose Berg
94050,dumont, new jersey, usa,"dumont , new jersey , usa",21,07628,691889130,yWF0DQ,Thomas Harmon
94051,dumont, new jersey, usa,"dumont , new jersey , usa",52,07628,756114382,PSl8aBtCIodC,Louise Hodges
94053,dumont, new jersey, usa,"dumont , new jersey , usa",27,07628,636315910,cOCUgiTk61,Jessie Flenard
94054,dumont, new jersey, usa,"dumont , new jersey , usa",61,07628,278987487,j9DuC2R1,Ruby Doran
94055,dumont, new jersey, usa,"dumont , new jersey , usa",55,07628,787849880,yoEKvpb8,Kenneth Rosser
94056,dumont, new jersey, usa,"dumont , new jersey , usa",36,07628,686905410,WzQkpYX4gQC3Msl,Linda Herrera
94057,dumont, new jersey, usa,"dumont , new jersey , usa",45,07628,254018410,uI1di1hMQBIkLT,Patrick Iglesias
94058,dumont, new jersey, usa,"dumont , new jersey , usa",49,07628,737379030,7v8d4WMg52vdkz,Michael Haynes
106356,portland, oregon, usa,"portland , oregon , usa",51,94135,194755674,W87KmNLDuIuc,Maria Ortega
106439,saint charles, missouri, usa,"saint charles , missouri , usa",26,63301,423397044,tbLRV4LjjkWIxB1,Joseph Mcginley
117478,grand rapids, michigan, usa,"grand rapids , michigan , usa",62,49501,475069181,bbIpXC39vk,Gregory Irvin
118041,san antonio, texas, usa,"san antonio , texas , usa",38,78006,550980160,gXmRvr0pmHJBU,Ann Tate
152828,olympia, washington, usa,"olympia , washington , usa",59,98506,156528739,ZU7vE8x,Chad Ashalintubbi
209973,alexandria, virginia, usa,"alexandria , virginia , usa",63,22302,412653696,C5raU4UjlPd3WGHM,Rudolph Glover
216092,catonsville, maryland, usa,"catonsville , maryland , usa",53,21043,709829218,ZTI4X6a,Kimberly Lawson
221847,houston, texas, usa,"houston , texas , usa",29,77001,660740739,EMplTQFB544,Brian Hornlein
240283,great falls, montana, usa,"great falls , montana , usa",19,59401,195008205,BHZQpZ1E,Jeanne Burns
242926,saint paul, minnesota, usa,"saint paul , minnesota , usa",56,55101,492286100,t9jQKI6AvMp51VW,Emile Maddox
248139,olympia, washington, usa,"olympia , washington , usa",64,98506,571566848,gQbAnlIBjZ,Edgar Manos
264997,oneida, tennessee, usa,"oneida , tennessee , usa",48,37841,754295810,bJ26Otoy5uvlX,Mark Beamon
277203,olympia, washington, usa,"olympia , washington , usa",43,98506,775092855,uAFNTEGYEM1dF,Sean Powell
5908,santa rosa, california, usa,"santa rosa , california , usa",29,95403,395793111,xdZ28fYZuf2N,Michael Hayden
19523,donnelsville, ohio, usa,"donnelsville , ohio , usa",27,45319,302254148,rDJHnCxMtIHW,Michael Veatch
26568,mason, ohio, usa,"mason , ohio , usa",44,45034,634148831,qoB3J9nBVmV,Irene Baggesen
30549,bismarck, north dakota, usa,"bismarck , north dakota , usa",18,58501,484487148,By2Vjya,Phoebe Kronenberg
67586,charlotte, north carolina, usa,"charlotte , north carolina , usa",23,28105,366089691,BCpLYcmLQd,Larry Jennrich
86108,salem, new hampshire, usa,"salem , new hampshire , usa",39,03073,176812087,fCQrD1OrBy1thh,Frank Degasparre
101816,durham, north carolina, usa,"durham , north carolina , usa",62,27517,423870092,zC6U6r7,Shirley Brehm
106086,austin, texas, usa,"austin , texas , usa",38,78652,340332301,RDfkxV,Tina Hicks
116587,chesterfield, missouri, usa,"chesterfield , missouri , usa",38,63005,275709241,b4uGGMmS2T,Juanita Fultz
129002,san antonio, texas, usa,"san antonio , texas , usa",54,78006,770255524,M8ck1HZr12h,Helen Wilcox
131640,san diego, california, usa,"san diego , california , usa",36,92119,327508577,wreQrT4SgzXePSW,Chad Stafford
159739,baker city, oregon, usa,"baker city , oregon , usa",34,97814,346513318,cVPkaUH0,Maxine Lewis
176637,gloucester, massachusetts, usa,"gloucester , massachusetts , usa",27,01930,231428699,U4gf1D,Yesenia Parsons
179164,washington, maine, usa,"washington , maine , usa",45,04574,763495561,E9FdWM7fuhKD,Ruby Williams
182164,willoughby, ohio, usa,"willoughby , ohio , usa",27,44094,494442192,dDI32Q89B28,Wanda Radford
198875,san diego, california, usa,"san diego , california , usa",31,92107,440632359,V3lUHVOvPL,Michelle Garcia
259740,seattle, washington, usa,"seattle , washington , usa",38,98101,418984183,If7opfb,Brenda Bell
267544,salem, oregon, usa,"salem , oregon , usa",56,97301,649397775,oanf8kU20,Brian Lockman
269566,seattle, washington, usa,"seattle , washington , usa",29,98101,645253309,mTlB8Rb9S5guDvA,Antonio Bates
9494,girard, ohio, usa,"girard , ohio , usa",39,44420,283203573,jROaf0zQuSiiv,Vasiliki Lynch
17027,woodland, pennsylvania, usa,"woodland , pennsylvania , usa",59,16881,565142797,rJirNehO2a7WC,John Giles
19187,holden, massachusetts, usa,"holden , massachusetts , usa",48,01520,455414702,NmPszmF7VZ,Audrey Noyes
30024,camas, washington, usa,"camas , washington , usa",24,98607,329939734,aLAJ2YQMkvfOQU,Lawrence Garrison
36077,mckinney, texas, usa,"mckinney , texas , usa",52,75013,545523215,PjU5uz10,Jordan Miller
37461,harriman, tennessee, usa,"harriman , tennessee , usa",65,37748,524968696,FtJPEBU7,Carey Strong
38746,sherwood, oregon, usa,"sherwood , oregon , usa",64,97062,554907830,INwuJAK6p4KW4,David Mckinley
44405,bismarck, north dakota, usa,"bismarck , north dakota , usa",63,58501,217633028,5ITjChAfBs,Sharon Gilmore
46292,albuquerque, new mexico, usa,"albuquerque , new mexico , usa",52,87101,768280790,aeYTUFCnH7WC,David Iannotti
57754,baltimore, maryland, usa,"baltimore , maryland , usa",49,21201,384495204,9qgLKjYC9SOi,Gigi Silva
75390,exeter, rhode island, usa,"exeter , rhode island , usa",50,02817,771098698,WSXgtxXQTm,Mark Vega
79389,lacey, washington, usa,"lacey , washington , usa",57,98503,272911964,Zym6ebJD,Evon Palumbo
92873,leyden, massachusetts, usa,"leyden , massachusetts , usa",49,01301,218605556,cTnafT9,David Cutler
103425,portland, oregon, usa,"portland , oregon , usa",24,94135,278095983,DWPNg1kITXkqp,Claudia Cowen
121244,durham, north carolina, usa,"durham , north carolina , usa",60,27517,735149502,c0pexi,Patrick Jackson
122113,ellicott city, maryland, usa,"ellicott city , maryland , usa",37,21041,611018464,s7f2LXlnGX,Karol Rogers
126413,jefferson, massachusetts, usa,"jefferson , massachusetts , usa",31,01522,538458171,p5k9QkPFpaaJgl,Aaron Hester
129417,las vegas, nevada, usa,"las vegas , nevada , usa",26,88901,508230022,2ah9e1cKNLqGR,Alberta Schooley
150389,bismarck, north dakota, usa,"bismarck , north dakota , usa",33,58501,508275530,GtSqlUSLczlL,Robert Stevens
151366,kansas city, missouri, usa,"kansas city , missouri , usa",33,64030,698497677,9Y5ePIdmY4T5dcn,Melinda Paul
161916,ofallon, missouri, usa,"ofallon , missouri , usa",48,63304,219854908,9v0zj1fnIZIA,Maggie Jones
167558,sherwood, oregon, usa,"sherwood , oregon , usa",45,97062,656579239,mmcdo30K0,Micheal Tapley
167581,sherwood, oregon, usa,"sherwood , oregon , usa",58,97062,432995695,CqHVo0EeN6c2,Richard Munger
167998,sherwood, oregon, usa,"sherwood , oregon , usa",43,97062,793452948,GaxoyA6N,Jerry Johnson
182214,rapid city, south dakota, usa,"rapid city , south dakota , usa",57,57702,274166533,0IjKwNfWBH,Ida Acosta
208682,frederick, maryland, usa,"frederick , maryland , usa",44,21701,211434680,ShJZk4KVRuRdXB9x,Kathy Price
220617,st. louis, missouri, usa,"st. louis , missouri , usa",49,63101,642670147,iVm0OwhVVFW8Oh,Christina Tolbert
257820,pocomoke city, maryland, usa,"pocomoke city , maryland , usa",44,21851,439640051,gaUYkoIgZuDLOFRa,Craig Horiuchi
267939,grants  pass, oregon, usa,"grants  pass , oregon , usa",55,97526,614380098,fH7NQ9pgSyM,James Febres
274618,houston, texas, usa,"houston , texas , usa",31,77001,496106076,N5S17w3puLYm,Abbie Hunt
277405,bismarck, north dakota, usa,"bismarck , north dakota , usa",29,58501,557659650,oXGo8p,Robert Woods
3554,hackettstown, new jersey, usa,"hackettstown , new jersey , usa",23,07840,674411042,xkSEYqh4JPsB4DK,Earl Joseph
7072,bismarck, north dakota, usa,"bismarck , north dakota , usa",18,58501,506929026,m2TXQqwZ0ebunHI,Steve Fletcher
9656,houston, texas, usa,"houston , texas , usa",18,77001,608056520,POIWf4l,Michael Taylor
18004,omaha, nebraska, usa,"omaha , nebraska , usa",33,68007,208137287,2KZAzTJuHN1uJX,Lori Kilgore
30072,st. louis, missouri, usa,"st. louis , missouri , usa",51,63101,722911025,vHgvcr,John Maye
31988,bridgeton, missouri, usa,"bridgeton , missouri , usa",59,63042,387757658,sLs55qIkniPHIQim,Charles Meyer
35632,troutdale, oregon, usa,"troutdale , oregon , usa",33,97060,521716468,b6mtPni5X548OFD,Renee Day
38968,san diego, california, usa,"san diego , california , usa",41,92109,265066359,ekIPpaj,Ronald Johnson
67309,springvale, maine, usa,"springvale , maine , usa",54,04083,463364335,PS3B7bGewnae,Michael Brodeur
77879,st.louis, missouri, usa,"st.louis , missouri , usa",29,63101,546068065,qImx26h4,David Mclean
91468,hopkington, rhode island, usa,"hopkington , rhode island , usa",65,02873,512756177,VZNIUwKgZBs,Ruby Young
104627,dayton, ohio, usa,"dayton , ohio , usa",54,45377,246546397,digGrBLzp,Rene Maciel
105128,roanoke, texas, usa,"roanoke , texas , usa",61,76262,790634683,fuR1UJXY6Oa,Carol Donner
107613,knoxville, tennessee, usa,"knoxville , tennessee , usa",52,37901,380502875,V5Re7bjc2HG1dD,Christopher Thompson
112940,burlington, massachusetts, usa,"burlington , massachusetts , usa",34,01803,576353419,53e0PEWJ,Billy Parker
120440,fenton, missouri, usa,"fenton , missouri , usa",52,63026,262072112,uHvzq43N5NZT,Lois Slaughter
126396,baltimore, maryland, usa,"baltimore , maryland , usa",23,21201,562508652,uch6z1ahbUFFpq3L,Jeremy Scott
126733,fremont, michigan, usa,"fremont , michigan , usa",33,49412,693291962,QUvTnYkxlVs1Yed,Melissa Moore
127149,bismarck, north dakota, usa,"bismarck , north dakota , usa",49,58501,225399626,KIZe6lSN71Kf,Chadwick Martin
135560,graham, texas, usa,"graham , texas , usa",60,76450,434460183,7BSKEG2G,Kylie Hernandez
145042,arnold, maryland, usa,"arnold , maryland , usa",53,21012,535246457,BcIRCvxI,Ryan Paul
146276,olympia, washington, usa,"olympia , washington , usa",22,98506,603719118,Ya07FTo,David Schwab
171451,york, pennsylvania, usa,"york , pennsylvania , usa",25,17401,352949545,WFR4t5E7i5x,Kevin Schulze
172531,portland, oregon, usa,"portland , oregon , usa",60,94135,621498371,F0p34WEB,Edna Davis
188225,johns island, south carolina, usa,"johns island , south carolina , usa",55,29407,533085341,H5GrGAKQ,Theodore Willey
189149,danville, pennsylvania, usa,"danville , pennsylvania , usa",57,17821,633415436,T2CrZ9WHn8BgzM2m,Jack Matteson
189543,esko, minnesota, usa,"esko , minnesota , usa",47,55733,193048674,Bi1MCrOxrOtLjjMS,Melody Lacoste
191098,san antonio, texas, usa,"san antonio , texas , usa",54,78006,269700701,IHdWrQqd7t1D,James Calvert
231466,bridgeton, missouri, usa,"bridgeton , missouri , usa",48,63042,271139725,SgA0vjyDY,Charlie Williams
237568,stafford, virginia, usa,"stafford , virginia , usa",50,22554,594112225,5aQ1xGEb,Jose Solian
241587,arlington, texas, usa,"arlington , texas , usa",61,76001,393816780,byDowttnd7Rz,Michael Sobus
251532,columbia, south carolina, usa,"columbia , south carolina , usa",50,29044,611216928,YV1NjQmKe,Jason Wyche
1384,coburg, oregon, usa,"coburg , oregon , usa",50,97408,702812431,dQXNQVvpS6n,Mark Souliere
5820,bismarck, north dakota, usa,"bismarck , north dakota , usa",57,58501,599190264,ABsMRQCzEXDF,Robert Camak
9889,moorcroft, wyoming, usa,"moorcroft , wyoming , usa",46,82721,287429562,QoopfTDxmD,Stephanie Siefert
16936,philadelphia, pennsylvania, usa,"philadelphia , pennsylvania , usa",65,19019,290380637,RFePFG45P,Clara Brent
17982,sperry, oklahoma, usa,"sperry , oklahoma , usa",35,74073,437898351,QnvZKyDHpcTbxrK,Millie Herd
19933,monroe twp, new jersey, usa,"monroe twp , new jersey , usa",39,08831,345151933,chivr8zre1GZ,Sharon Bruce
30455,pittsburgh, pennsylvania, usa,"pittsburgh , pennsylvania , usa",57,15106,579334431,N3JxcLOktxY,Carl Lustig
30957,downingtown, pennsylvania, usa,"downingtown , pennsylvania , usa",31,19335,389481355,r4f013QhN,Maria Myers
30960,downingtown, pennsylvania, usa,"downingtown , pennsylvania , usa",30,19335,768243817,N39faxvfm,David Staples
31015,ellicott city, maryland, usa,"ellicott city , maryland , usa",59,21041,739985436,nADT23bA7tDtf,Amy Greer
31467,tulsa, oklahoma, usa,"tulsa , oklahoma , usa",51,74008,268165112,Yn2JjKFUTky,Russell Rittinger
32012,greenwood, south carolina, usa,"greenwood , south carolina , usa",38,29646,233105154,at6KRbc6Pt9nae,Anthony Valentin
33616,st. louis, missouri, usa,"st. louis , missouri , usa",19,63101,780313528,roRWP45,Joey Price
36898,towson, maryland, usa,"towson , maryland , usa",31,21022,638375603,IqH00F3mfY3,Genevieve Madruga
39407,san antonio, texas, usa,"san antonio , texas , usa",54,78006,407251708,f5h8rdQJ,Marie Rinaldi
46674,edisto, south carolina, usa,"edisto , south carolina , usa",54,29438,783289411,SrH9eR15RuF7,Nellie Neal
51938,clark, new jersey, usa,"clark , new jersey , usa",51,07066,791793060,4OSkmf8cFTwGDK,Clarence Morales
55958,dayton, ohio, usa,"dayton , ohio , usa",48,45377,648398173,dNaVM1FYbhFk,Carmen Garraway
57199,jackson, wisconsin, usa,"jackson , wisconsin , usa",24,53037,297916531,mVrxLVsuH8ltqL,Scott Wade
81461,pottsville, pennsylvania, usa,"pottsville , pennsylvania , usa",57,17901,366314624,cDZFFWrRnQb8UVf,Walter Rosales
82055,charleston, south carolina, usa,"charleston , south carolina , usa",22,29401,348720001,HyGM0Y5flQa,Mary Chase
82594,byram, mississippi, usa,"byram , mississippi , usa",63,39170,326159956,az0us1e,Donna Ott
102891,las vegas, nevada, usa,"las vegas , nevada , usa",40,88901,443509279,0fiIHVdnLBvnw,Cindy Babcock
108176,apex, north carolina, usa,"apex , north carolina , usa",49,27502,357974672,t7s4JFl2,Alyse Dugan
122919,duluth, minnesota, usa,"duluth , minnesota , usa",52,55802,782701691,6kCGVKOKVFISp4,Alice Mccoy
126375,virginia beach, virginia, usa,"virginia beach , virginia , usa",27,23462,617739659,BSXuvBMNC5oMixlc,Gene Hood
137926,silver spring, maryland, usa,"silver spring , maryland , usa",64,20815,741205931,CmRcwehhem2xRjMI,James Choi
138490,henderson, nevada, usa,"henderson , nevada , usa",42,89002,603977702,NtE4qnQslOU,Michael Paradis
142981,johnston, rhode island, usa,"johnston , rhode island , usa",44,02911,262805712,iDOOq56jXo,Jonathan Schramm
143246,st. peters, missouri, usa,"st. peters , missouri , usa",42,63301,467170499,wdqPe779m2rxl,Timothy Grove
149048,downingtown, pennsylvania, usa,"downingtown , pennsylvania , usa",28,19335,700101043,V0pHWO,Evelyn Demby
150299,mahwah, new jersey, usa,"mahwah , new jersey , usa",29,07430,745375393,OAlmQwk2sj9bU,Ella Kluge
152636,bismarck, north dakota, usa,"bismarck , north dakota , usa",37,58501,157112864,68PEg5ORpUg4,Ernesto Arsenault
162491,newcomerstown, ohio, usa,"newcomerstown , ohio , usa",65,43832,534742984,VetErGqodWqzD3XZ,Delia Rogers
171437,bismarck, north dakota, usa,"bismarck , north dakota , usa",19,58501,410038771,rc4CSWv4R,Jason Sheehan
173053,lacey, washington, usa,"lacey , washington , usa",25,98503,286931613,a6Peog9GDb2,Timothy So
177066,spokane, washington, usa,"spokane , washington , usa",51,99201,365888424,5lzXGtqK,Harry Lanzarin
186697,east stroudsburg, pennsylvania, usa,"east stroudsburg , pennsylvania , usa",56,18301,292568124,iAEFtszv,William Gilderman
187425,san francisco, california, usa,"san francisco , california , usa",28,94128,193406615,Bi7q7Aax343X2,Kenneth Brummett
199552,senatobia, mississippi, usa,"senatobia , mississippi , usa",28,38668,307366628,u0g8qy1faEP,Leota Cameron
201294,pasadena, texas, usa,"pasadena , texas , usa",36,77015,357125154,dmORnF,Carolyn Barrett
203128,new ipswich, new hampshire, usa,"new ipswich , new hampshire , usa",58,03071,514204913,w6SVcaIuqv,Arthur Williams
208510,las vegas, nevada, usa,"las vegas , nevada , usa",18,88901,624054753,YEPFk5eQMkH,William Diez
208555,oakland, new jersey, usa,"oakland , new jersey , usa",23,07436,168912795,Xdd2SFKUx,Dominique Hirsch
214094,san antonio, texas, usa,"san antonio , texas , usa",63,78006,354978574,3MCLHvxldsZ0,Richard Wendolski
215043,natick, massachusetts, usa,"natick , massachusetts , usa",30,01760,716581401,9SRX9s,Sally Liesmann
226318,leicester, north carolina, usa,"leicester , north carolina , usa",61,28748,244358609,dyHF3wRmM8uRF,Brian Walker
228052,silver spring, maryland, usa,"silver spring , maryland , usa",41,20815,603390705,js12UcTNv1Q4LfQ,Joseph Craig
234151,forest grove, oregon, usa,"forest grove , oregon , usa",56,97116,344027224,ESncmYbJ4T,Suzanne Moser
237704,olympia, washington, usa,"olympia , washington , usa",47,98506,397384143,yzsowWsSxvG,Jonnie Walther
239217,ellensburg, washington, usa,"ellensburg , washington , usa",48,98926,453462946,G6uEVNg,Harold Parfitt
248297,comanche, texas, usa,"comanche , texas , usa",59,76442,771492521,qrz8UmJ,Leigh Reynolds
264133,huntland, tennessee, usa,"huntland , tennessee , usa",53,37345,239132789,REVomy0,Lee Lopez
268137,prospect, pennsylvania, usa,"prospect , pennsylvania , usa",50,16052,646533773,MXs9W7OSSM,Guillermo Heiser
276579,orem, utah, usa,"orem , utah , usa",20,84057,612339945,fqvknGKA,Samatha Phillip
276723,san antonio, texas, usa,"san antonio , texas , usa",21,78006,212247794,qPtG51XI,Thelma Moffett
277991,huntington, west virginia, usa,"huntington , west virginia , usa",61,25701,564695933,rraHKeKz,James Smith
278525,gardiner, maine, usa,"gardiner , maine , usa",57,04345,549118651,nCFQ7xpNvrKY,Jose Deisher
478,albuquerque, new mexico, usa,"albuquerque , new mexico , usa",60,87101,492210372,JXvVD8SeoqGx,Georgia Howard
3760,austin, texas, usa,"austin , texas , usa",50,78652,279481785,oWjK89CjDgDgb,Tony Carpenter
4119,kennewick, washington, usa,"kennewick , washington , usa",51,99336,448563254,3mgbVpUiD0DqXFCC,Marsha Fredericks
4919,albuquerque, new mexico, usa,"albuquerque , new mexico , usa",60,87101,585385730,mgbIsGcUIrG5X,Junior Handy
6184,vienna, virginia, usa,"vienna , virginia , usa",20,22180,500542111,xZXTZWuzc,James Garcia
9090,albuquerque, new mexico, usa,"albuquerque , new mexico , usa",59,87101,482197537,LKnL3OnIb,Maria Harris
9461,boston, massachusetts, usa,"boston , massachusetts , usa",53,02119,195726496,A8GthtFr,Vincent Emerick
11250,albuquerque, new mexico, usa,"albuquerque , new mexico , usa",20,87101,209459991,XsYPrTi,George Rhoads
13927,baker city, oregon, usa,"baker city , oregon , usa",52,97814,317859514,nNNxd0wo5oUa0,Eric Spencer
17541,crosslake, minnesota, usa,"crosslake , minnesota , usa",26,56441,682211807,LOTAc0k05L,Jerry Hughes
17928,onalaska, wisconsin, usa,"onalaska , wisconsin , usa",53,54650,184714891,vHi6pfRNILxxbn,Cathy Rose
18057,portland, oregon, usa,"portland , oregon , usa",27,94135,734829348,PHrSuwKd20N,Frank Cook
18885,apex, north carolina, usa,"apex , north carolina , usa",65,27502,664300782,A4X6SsHqNl9raQg0,Chrystal Peevy
21314,montgomery, alabama, usa,"montgomery , alabama , usa",37,36043,530894397,pc1Xo4pYrlr,Kristine May
24209,wilsonville, oregon, usa,"wilsonville , oregon , usa",49,97062,782731788,3SvwbgEQLBvR,Eduardo Schutt
24941,o`fallon, missouri, usa,"o`fallon , missouri , usa",50,63304,453577299,X9nMOk,Wanda Castillo
26723,arnold, missouri, usa,"arnold , missouri , usa",34,63010,774075984,EwgcVEJkFhSpk2BI,Rebecca Napoli
26730,herculaneum, missouri, usa,"herculaneum , missouri , usa",44,63048,744110887,5jUV0rfS55sNpbh1,John Baer
26903,newton, new jersey, usa,"newton , new jersey , usa",37,07860,351200093,ss2euEvglxI,Gale Wood
27371,raleigh, north carolina, usa,"raleigh , north carolina , usa",64,27513,529034449,YgRLukG4k2ymA,Sharon Martin
27477,gaston, south carolina, usa,"gaston , south carolina , usa",47,29053,256242881,egovzG0,Judith Silver
27527,westerville, ohio, usa,"westerville , ohio , usa",30,43081,162737269,HCEtNCxiuHI21,Gary Tidwell
27729,wilson, north carolina, usa,"wilson , north carolina , usa",45,27822,708273149,wpoC2c4SogKkaWu3,Kyle Guyer
30153,chatham, virginia, usa,"chatham , virginia , usa",29,24531,495771248,vNYZBXRNdq,Melissa Barr
31401,asheville, north carolina, usa,"asheville , north carolina , usa",53,28715,301266392,NlGiq2J3Edaxn4,Virginia Casias
31709,ann arbor, michigan, usa,"ann arbor , michigan , usa",58,48103,516101457,PdCFMvp6qeVv,Carl Johnson
31998,san antonio, texas, usa,"san antonio , texas , usa",18,78006,329282776,DGJ6okR,Erika Crochet
32186,sullivan`s island, south carolina, usa,"sullivan`s island , south carolina , usa",19,29451,632664530,9wwerM1uBwgL,Charlotte Murrietta
33052,lakewood, new jersey, usa,"lakewood , new jersey , usa",54,08701,535219254,JpjiBmbSST9Nq,Mary Shehee
33465,albuquerque, new mexico, usa,"albuquerque , new mexico , usa",52,87101,494632613,kiLmF6YwjA4vuTFP,Yong Clover
33554,rochester, minnesota, usa,"rochester , minnesota , usa",62,55901,785861410,UxH4uyY,John Mcgill
36218,portland, oregon, usa,"portland , oregon , usa",22,94135,515294817,c7OamYxX,Theda Negron
38155,reading, pennsylvania, usa,"reading , pennsylvania , usa",39,19601,785199014,VZRAIhKc,Robin Thomas
38597,oakton, virginia, usa,"oakton , virginia , usa",20,22031,549252454,ZrgHvQkMXizxb,Arnold Vega
40659,tulsa, oklahoma, usa,"tulsa , oklahoma , usa",65,74008,728428312,xmrcEuFJJHmeJSB,Annie Aguilar
40776,godley, texas, usa,"godley , texas , usa",27,76044,432928959,AwNKAGZxR,Marie Obrien
41345,holden, massachusetts, usa,"holden , massachusetts , usa",63,01520,719031961,EOpo1dy5RQt,John Barney
43056,poland, maine, usa,"poland , maine , usa",34,04230,314473633,C4xnfF,Carrie Lynch
43057,poland, maine, usa,"poland , maine , usa",34,04230,281826791,NZOtrQ8mlgh,Lori Henderson
43596,king george, virginia, usa,"king george , virginia , usa",64,22485,342722444,4D0BEzzS,Tonya Caron
44673,apex, north carolina, usa,"apex , north carolina , usa",27,27502,459830880,JxrGGJ0,Debra Merino
44717,swanton, maryland, usa,"swanton , maryland , usa",31,21561,229259599,t2scwf38hYBzF66,Edwardo Gardner
45143,chatham, virginia, usa,"chatham , virginia , usa",35,24531,695975766,F9urj4,Maria Velasquez
45835,san antonio, texas, usa,"san antonio , texas , usa",26,78006,608540481,QrC2FJwPEqz,Barbara Johnson
47614,seattle, washington, usa,"seattle , washington , usa",44,98101,221163337,znbDOqLQq3GcLnpD,Santos Brown
47688,minneapolis, minnesota, usa,"minneapolis , minnesota , usa",64,55111,737996312,4zIo62,Dia Oconnor
49261,albuquerque, new mexico, usa,"albuquerque , new mexico , usa",46,87101,164596956,B98kZ9X6Hm,Olivia Holiday
50433,albuquerque, new mexico, usa,"albuquerque , new mexico , usa",30,87101,316860421,Ckcyhno,Easter Babineaux
50979,ranchos de taos, new mexico, usa,"ranchos de taos , new mexico , usa",57,87557,259826642,C9MOtS11SjMNAcsm,Andrew Gannon
53393,san antonio, texas, usa,"san antonio , texas , usa",28,78006,713389483,rtAac6g7s,Jose Mandel
53494,hagerstown, maryland, usa,"hagerstown , maryland , usa",57,21740,582954847,8ZVsQCMSBs,Harold Sinclair
59463,west columbia, south carolina, usa,"west columbia , south carolina , usa",48,29169,366063737,HGDCUY66FJOk5,James Chipps
61626,raleigh, north carolina, usa,"raleigh , north carolina , usa",58,27513,267369066,yq3mN3,Catherine Phillips
63844,teaneck, new jersey, usa,"teaneck , new jersey , usa",39,07605,200723861,O6NsCVcQ6KWXaN,Holley Hamilton
65398,milford, michigan, usa,"milford , michigan , usa",47,48381,702842954,KrTh3VVrmoEN5,Joanna Standard
65461,winthrop, minnesota, usa,"winthrop , minnesota , usa",21,55396,313143407,cQjqeoToPDJlFNT,Clinton Merrill
67749,oklahoma city, oklahoma, usa,"oklahoma city , oklahoma , usa",30,73008,322329540,OC3FXp8oau7,Charlotte Henry
68789,albuquerque, new mexico, usa,"albuquerque , new mexico , usa",48,87101,670883542,zpDloB,Edna Fisk
69398,pasadena, texas, usa,"pasadena , texas , usa",22,77015,635369875,FaD2KJ,Glenda Wood
70513,albuquerque, new mexico, usa,"albuquerque , new mexico , usa",63,87101,312944696,h1c2jaEDAn,Brandon Roddy
73448,oklahoma city, oklahoma, usa,"oklahoma city , oklahoma , usa",23,73008,630677513,QT3dLdvh,Dorothy Crosby
74157,grand rapids, michigan, usa,"grand rapids , michigan , usa",42,49501,564531195,8l9e0wQS,Wanda Stephens
75026,green bay, wisconsin, usa,"green bay , wisconsin , usa",51,54229,243102007,JSfP6nX5,Joni Camacho
76581,ann arbor, michigan, usa,"ann arbor , michigan , usa",49,48103,537404729,9foQhMN,Wilma Gionfriddo
77330,san antonio, texas, usa,"san antonio , texas , usa",60,78006,349208122,FmuORp8Plk,John Holliday
77551,olympia, washington, usa,"olympia , washington , usa",60,98506,572838807,T2f1fR7mCW,Willard Wolf
77772,lynnwood, washington, usa,"lynnwood , washington , usa",22,98036,508084085,cfIYUiIZis,Evelyn Kemp
77900,st.michael, minnesota, usa,"st.michael , minnesota , usa",64,55313,188954691,BZs670pBOcRfPMz3,Lynn English
78655,kansas city, missouri, usa,"kansas city , missouri , usa",60,64030,296592007,g2yyWxvoC,Andrew Marcotte
79870,spokane, washington, usa,"spokane , washington , usa",52,99201,355560475,aOMwHNZGv2jSSxW,Barry Boyles
80993,ft.lewis, washington, usa,"ft.lewis , washington , usa",26,98433,665188470,mjAdMv70xn,Keith Barnes
81498,long branch, new jersey, usa,"long branch , new jersey , usa",40,07740,196794596,QO2q4V,Judith Christie
82602,eugene, oregon, usa,"eugene , oregon , usa",48,97401,192474989,2FuGPu,James Grant
90693,kensington, maryland, usa,"kensington , maryland , usa",63,20895,732595573,NyFq4w,Georgia Goodstein
93465,west saint paul, minnesota, usa,"west saint paul , minnesota , usa",23,55118,460050362,OkBfmJz,Leroy Sullivan
94399,spokane, washington, usa,"spokane , washington , usa",37,99201,459051153,aVhHYq,Dustin Chavez
95050,columbus, montana, usa,"columbus , montana , usa",55,59019,752535402,TqOK9QMhnOUHeqH,Ricky Eger
97025,elizabeth city, north carolina, usa,"elizabeth city , north carolina , usa",31,27906,582587729,Jbzw0HnTML,Barry Tucker
98010,portland, oregon, usa,"portland , oregon , usa",61,94135,497210846,gUHKHV9eRV,Ashley Thornton
98306,asheville, north carolina, usa,"asheville , north carolina , usa",24,28715,781482242,YuhO4R9i4xnv4m,Julie Ellis
98427,seattle, washington, usa,"seattle , washington , usa",28,98101,238760441,3e4OguL,Robert Atkinson
98917,albuquerque, new mexico, usa,"albuquerque , new mexico , usa",52,87101,180020751,p6zBnL,Linda Rose
100556,great falls, montana, usa,"great falls , montana , usa",24,59401,581386019,7nhYyYgfnx,Marc Toland
101602,bismark, north dakota, usa,"bismark , north dakota , usa",65,58501,299341338,1wcHWoVhGISYyB,Jody Turner
103197,toms river, new jersey, usa,"toms river , new jersey , usa",30,08732,610565233,3ztM8HxRhru,Craig Aldrich
103440,albuquerque, new mexico, usa,"albuquerque , new mexico , usa",56,87101,422021254,SyyYjg,Christina Knudsen
104614,saint paul, minnesota, usa,"saint paul , minnesota , usa",49,55101,451294947,9rLb1kv,Ralph Albert
105913,lacey, washington, usa,"lacey , washington , usa",50,98503,196332568,ULYzb2vphDyH,Juan Prestwich
106094,dickinson, north dakota, usa,"dickinson , north dakota , usa",44,58601,729257694,dNmADO7yGR3,Wilson Avila
111521,portland, oregon, usa,"portland , oregon , usa",19,94135,212474564,pAtcvLhygoFAKiw,Maria Martin
112599,procterville, ohio, usa,"procterville , ohio , usa",21,45669,186890778,zrpKxs80oYWhBrq,Douglas Hussein
115530,west bend, wisconsin, usa,"west bend , wisconsin , usa",51,53095,765709317,4esBTR8ZVs,Ginger Wallace
115712,baltimore, maryland, usa,"baltimore , maryland , usa",65,21201,224079370,8bRNKz,Sheila Johnson
119432,webbers falls, oklahoma, usa,"webbers falls , oklahoma , usa",52,74470,639949557,jw5vNbv,Ryan Gilliam
120397,albuquerque, new mexico, usa,"albuquerque , new mexico , usa",35,87101,793900350,yqRYJmfniDFzBA,Michael Porter
124938,indianapolis, indiana, usa,"indianapolis , indiana , usa",51,46113,736299768,cGp1zw,Jill Scruggs
128466,olympia, washington, usa,"olympia , washington , usa",40,98506,257565621,B4rKNMcT,Larry Stewart
129746,punxsutawney, pennsylvania, usa,"punxsutawney , pennsylvania , usa",31,15767,499225503,4bSRxv2FEK,Jarrod Alexander
129937,reno, nevada, usa,"reno , nevada , usa",22,89433,272103491,ASOB3IWXrOxI,Eugene Frank
131215,holden, massachusetts, usa,"holden , massachusetts , usa",26,01520,213037568,OhE9fyWqPg,Louis Mcclain
132127,uniontown, ohio, usa,"uniontown , ohio , usa",60,44685,374017316,UVH2iCR8IxDjOmRA,Mary Goza
133484,xenia, ohio, usa,"xenia , ohio , usa",19,45385,284523384,D00sBrDy1kzoswaY,Melissa Payne
135585,albuquerque, new mexico, usa,"albuquerque , new mexico , usa",38,87101,461741821,vL9Zo4T42,Mary Sapienza
136256,ionia, michigan, usa,"ionia , michigan , usa",24,48846,246709388,zotnvPRHafucU,Hans Rivera
137651,duluth, minnesota, usa,"duluth , minnesota , usa",27,55802,162056927,BF8cvA1UVqzzUwSS,Cecily Boucher
138909,burke, virginia, usa,"burke , virginia , usa",34,22153,317093453,W1xyIHDIZ,Billy Camp
139245,albuquerque, new mexico, usa,"albuquerque , new mexico , usa",30,87101,603278234,ojCzrShw2vwzW,Joe Bakken
140516,seattle, washington, usa,"seattle , washington , usa",37,98101,184124249,rXPCU1ndMVcjG9vC,Janet Vandemark
142730,hurricane, west virginia, usa,"hurricane , west virginia , usa",43,25526,733516282,gBuLOr,Nathan Lynch
142777,cottage grove, minnesota, usa,"cottage grove , minnesota , usa",57,55016,528426736,B4DtBM6RkwRKJpO,Jenny Hostetter
143066,myrtle beach, south carolina, usa,"myrtle beach , south carolina , usa",32,29572,456976890,q1nJIVDe97oaxGcw,Andy Linn
147500,albquerque, new mexico, usa,"albquerque , new mexico , usa",42,87101,492710940,fL7mhSbjMTB,Danielle Damboise
150240,clarksville, maryland, usa,"clarksville , maryland , usa",52,21029,258283904,9O2KrIn9iiksr1,Andrew Rieck
150640,durham, north carolina, usa,"durham , north carolina , usa",39,27517,353828619,QZlM4y9,Marguerite Richard
152284,st. charles, missouri, usa,"st. charles , missouri , usa",22,63301,749438585,xqLZiSW83T,Bonnie Miller
155308,cedarville, ohio, usa,"cedarville , ohio , usa",34,45314,637334186,6LPpnvU8B1,Edward Davis
157454,albuqurque, new mexico, usa,"albuqurque , new mexico , usa",58,87101,209604084,1rvYDU27Z,Joseph Butler
158066,tomball, texas, usa,"tomball , texas , usa",38,77375,207703907,AWGaB2K8wfz9r21g,Carmen Lee
159484,galesburg, michigan, usa,"galesburg , michigan , usa",43,49053,433604871,t6hpFcnZ,Helen Moore
162622,gainesville, missouri, usa,"gainesville , missouri , usa",51,65655,224412714,ICODbqMTelOLogqw,Stephen Smith
164555,mondovi, wisconsin, usa,"mondovi , wisconsin , usa",48,54755,703810306,NjXqOF,Mary Leonard
169138,surrey, north dakota, usa,"surrey , north dakota , usa",34,58785,452798631,8XkSNXwDOwy,Denise Hall
169350,coopersburg, pennsylvania, usa,"coopersburg , pennsylvania , usa",64,18036,346665655,T3nFTJG1E,Kelley Estorga
169673,lake elmo, minnesota, usa,"lake elmo , minnesota , usa",62,55042,371166393,4Mru6yN8f1nC,Valerie Tate
171011,pipe creek, texas, usa,"pipe creek , texas , usa",21,78063,425176016,l6rBfygujnc,David Reiter
171501,plymouth, minnesota, usa,"plymouth , minnesota , usa",49,55441,238785460,7al1Wfjw53,John Thomas
171758,cambridge, maryland, usa,"cambridge , maryland , usa",37,21613,750271110,vgcMrpWijA7,Randy Peoples
173468,charlotte, north carolina, usa,"charlotte , north carolina , usa",45,28105,291201873,WcEKJwVrM2MDz,Mitzi Mangum
177120,chippewa falls, wisconsin, usa,"chippewa falls , wisconsin , usa",41,54729,184505563,vXJyQfv,William Lark
179563,belmont, wisconsin, usa,"belmont , wisconsin , usa",24,53510,355106042,tRQ61T9pgMHT,Tiffani Greathouse
179613,portland, oregon, usa,"portland , oregon , usa",46,94135,431676557,oxmz8bjP5,Shirley Blank
181524,san antonio, texas, usa,"san antonio , texas , usa",51,78006,565204811,VqllLy1HIBhcbq,Lisa Olsen
182061,baltimore, maryland, usa,"baltimore , maryland , usa",53,21201,665083051,SbAXr3fRdguBpw2,Sue Babcock
184317,redmond, washington, usa,"redmond , washington , usa",40,98008,164443418,3UFAX5f3UF5i,Michael Smith
184319,lenoir  city, tennessee, usa,"lenoir  city , tennessee , usa",63,37771,394715872,Ms84DQDCmnJ4NMU,Millicent Thomas
188885,knoxville, tennessee, usa,"knoxville , tennessee , usa",36,37901,360331377,W6JkdQDIvDJb,Samuel Mejias
193763,lacey, washington, usa,"lacey , washington , usa",24,98503,690858226,4UuQOKfQ,Sharon Mullett
194446,albuquerque, new mexico, usa,"albuquerque , new mexico , usa",30,87101,536008072,QfDtXoGrPzwMduYt,Jared Leverette
197781,easthampton, massachusetts, usa,"easthampton , massachusetts , usa",38,01027,183928183,5JHnivMKLkBqlj,Patricia Bradley
197788,havertown, pennsylvania, usa,"havertown , pennsylvania , usa",57,19083,667359206,Kcpxr3F3ZHQNb,Louis Cormier
200355,portland, oregon, usa,"portland , oregon , usa",44,94135,730394626,IyA3E9Hyw5,Paul Stanton
201665,san antonio, texas, usa,"san antonio , texas , usa",52,78006,428855401,3nPo0Bs,James Coe
203264,vancouver, washington, usa,"vancouver , washington , usa",39,98607,761446169,8rqRJfuktuJ09,Nora Burns
203507,las vegas, nevada, usa,"las vegas , nevada , usa",33,88901,354972690,WR13zyAXjE9h,Ella Cimino
204097,waukesha, wisconsin, usa,"waukesha , wisconsin , usa",57,53072,653936371,2KPvwimOGTi4Ogbz,Lea Hunt
204619,chatham, new jersey, usa,"chatham , new jersey , usa",51,07078,434768140,pwSTnyg9Zngo3h,Jon Dye
207179,nashville, tennessee, usa,"nashville , tennessee , usa",47,37011,372479252,ZvLsXpinOL,Natalie Charron
208511,omaha, nebraska, usa,"omaha , nebraska , usa",63,68007,213467111,hvZ0mgcCYuv7JLQO,Rose Goldberg
209411,portland, oregon, usa,"portland , oregon , usa",46,94135,317624796,DY3c0mJdqewmG,David Grover
210601,albuquerque, new mexico, usa,"albuquerque , new mexico , usa",55,87101,369688838,qt95wdd6Lf,Kathryn Rabello
212651,st. louis, missouri, usa,"st. louis , missouri , usa",32,63101,157570836,xlEcY0Bw4pK,Jack Ervin
214504,albuquerque, new mexico, usa,"albuquerque , new mexico , usa",37,87101,650977609,0ooyIo,Elaine Denson
216379,mount airy, maryland, usa,"mount airy , maryland , usa",52,21771,236614539,N4rI39X2UlpYjSK,Daniel Gonzalez
216935,austin, texas, usa,"austin , texas , usa",31,78652,721918349,xE56NCM,Robert Jordan
218261,olympia, washington, usa,"olympia , washington , usa",55,98506,715912701,oQLQlMv8eMZ8iVL,Pamela Iannaccone
219089,cedar springs, michigan, usa,"cedar springs , michigan , usa",58,49319,735366153,hkwXd91ZoSH0,Matthew Borowski
219866,houston, texas, usa,"houston , texas , usa",25,77001,566383286,znqAcOQ,Robert Brown
222667,bellevue, washington, usa,"bellevue , washington , usa",55,98004,752127242,x110Ph,Zelda Yarbrough
223595,sanintonio, texas, usa,"sanintonio , texas , usa",44,78006,608397891,3fD7dZ01,Earnestine Lefever
224201,albuquerque, new mexico, usa,"albuquerque , new mexico , usa",57,87101,791396370,or0iyuZutukauVM,David Sweeten
224853,san diego, california, usa,"san diego , california , usa",25,92142,203657737,RT4nvG,Adell Henderson
225887,chicago, illinois, usa,"chicago , illinois , usa",34,92103,395671756,o3mg8gr2FcO,Lee Brooks
226779,winter springs, florida, usa,"winter springs , florida , usa",30,92119,659137362,UCRu8aOH0ZNUT,Peggy Russell
228468,rindge, new hampshire, usa,"rindge , new hampshire , usa",41,03461,421738418,fySRwRZE3jDyls,Cornelius Coburn
229015,richmond, virginia, usa,"richmond , virginia , usa",40,23173,381399074,h2Y5urN9Xni860QL,Timothy Coffey
229857,albuquerque, new mexico, usa,"albuquerque , new mexico , usa",24,87101,705893354,9n0yJ58,Lisa Solis
230225,san antonio, texas, usa,"san antonio , texas , usa",56,78006,590002822,0C7dpRxlRRxSnL,Richard Coleman
230838,olympia, washington, usa,"olympia , washington , usa",40,98506,503709394,7HuwXP8q4wIyP9,Kathy Lewis
231282,west lawn, pennsylvania, usa,"west lawn , pennsylvania , usa",61,19609,422919361,KGzHpNxYR27Qh7x,James Walker
233708,eagan, minnesota, usa,"eagan , minnesota , usa",59,55121,779643400,gq89wRZ,Reed Erwin
234149,harrisburg, north carolina, usa,"harrisburg , north carolina , usa",30,28075,420394445,NB8553,James Batts
234154,piqua, ohio, usa,"piqua , ohio , usa",30,45356,623609049,ozVG93q,Henry Black
234155,columbus, ohio, usa,"columbus , ohio , usa",19,43004,652647504,DqEgi3g2Y,Isreal Parrish
234894,moorestown, new jersey, usa,"moorestown , new jersey , usa",51,08057,456084364,snaqONrG6,Paul Boren
237838,farmington hills, michigan, usa,"farmington hills , michigan , usa",26,48167,257947908,wfWkCCzAEt,Linda Simmons
239538,willoughby, ohio, usa,"willoughby , ohio , usa",36,44094,330662225,VeyOpxZIBzIN,Coleen Gardner
242011,havelock, north carolina, usa,"havelock , north carolina , usa",30,28532,292687910,ZYi5d9o3,Terri Gonzalez
242261,norfolk, massachusetts, usa,"norfolk , massachusetts , usa",30,02056,272100224,rFKneP0z,Vincent Simmons
243001,fenton, missouri, usa,"fenton , missouri , usa",29,63026,193618726,1TWbh4pM5Ha7,John Hamill
244532,olympia, washington, usa,"olympia , washington , usa",60,98506,712052624,fsJcGJLx9A0wJMk,Thelma Duckworth
244883,portland, oregon, usa,"portland , oregon , usa",19,94135,308321151,iwM8hq,James Avila
246152,granbury, texas, usa,"granbury , texas , usa",25,76049,370902287,ZL9vHZ2Ym,Michael Cox
247025,shoreview, minnesota, usa,"shoreview , minnesota , usa",35,55126,773896958,UiiKgEUDFojnW85u,Lori Allen
250795,ferndale, washington, usa,"ferndale , washington , usa",20,98248,444752195,FDZ5xJbs0MTxPRBT,Richard Oliver
250798,columbus, ohio, usa,"columbus , ohio , usa",59,43004,739741257,3no3hkLph,Frances Fox
252662,san antonio, texas, usa,"san antonio , texas , usa",36,78006,747927865,U0FwGCCTm,Christopher Smith
252765,san antonio, texas, usa,"san antonio , texas , usa",20,78006,711120591,Gq4m35s,Fred Ware
253847,portland, oregon, usa,"portland , oregon , usa",26,94135,511845474,DQCMR6b,Annie Valenza
254293,harleysville, pennsylvania, usa,"harleysville , pennsylvania , usa",55,19438,158503966,5jpFmVnbHvhhINM5,Ryan Hughes
255857,rio rancho, new mexico, usa,"rio rancho , new mexico , usa",61,87114,319619617,eHqxjs6L,Dena Biddick
258883,londonderry, new hampshire, usa,"londonderry , new hampshire , usa",62,03032,430920881,6PXfaow0wfj,Carmine Wilson
259845,nashua, new hampshire, usa,"nashua , new hampshire , usa",31,03060,160647867,9ueET5AdbLI,Natalie Nowlin
261576,springfield, virginia, usa,"springfield , virginia , usa",40,22150,632370692,e0d2N0d1,Benjamin Sherman
262002,scottdale, pennsylvania, usa,"scottdale , pennsylvania , usa",56,15683,235702112,YkbIjsWj9bp,Neil Steiner
268578,upper township, new jersey, usa,"upper township , new jersey , usa",26,08223,333191152,1XCmzQTWNQa9BKdN,Mildred Samson
268875,st. louis, missouri, usa,"st. louis , missouri , usa",53,63101,685965965,Yk63DJLVnki,Juan Blackburn
273930,saginaw, michigan, usa,"saginaw , michigan , usa",33,48601,423386843,gSi21aG,Julie Swearingen
274025,manchester, new hampshire, usa,"manchester , new hampshire , usa",24,03101,328937822,llWLhDnbR0R,Lottie Cruz
276624,virginia beach, virginia, usa,"virginia beach , virginia , usa",28,23462,746764470,BeogCyFNTxe,Billy Cirillo
277542,charleston, south carolina, usa,"charleston , south carolina , usa",62,29401,575833743,QbgNjZsedIKkkXsU,Terrie Byerly
277675,san antonio, texas, usa,"san antonio , texas , usa",45,78006,228295644,tl2oujW,Christopher Riggins
278583,steele, missouri, usa,"steele , missouri , usa",57,63877,681170036,Zj8NupXmk5ZK,Mark Elliott
419,grove city, pennsylvania, usa,"grove city , pennsylvania , usa",60,16127,310055664,LfPjDaZn,Bertha Raap
709,roanoke, virginia, usa,"roanoke , virginia , usa",27,24001,753542406,MBAY6J,Robert Hennig
1359,houston, texas, usa,"houston , texas , usa",23,77001,556100279,bi9x2e,Thomas Verdin
1775,albuquerque, new mexico, usa,"albuquerque , new mexico , usa",21,87101,536092250,RtipnOU,Catherine Yu
2082,akron, ohio, usa,"akron , ohio , usa",33,44223,575197822,eQSYpDQAmWV,Alice Vogelgesang
3418,san diego, california, usa,"san diego , california , usa",50,92103,523522641,dbigjjXTkI,Janet Underwood
4217,chantilly, virginia, usa,"chantilly , virginia , usa",28,20120,597029433,QkimpOCrqad397E,Leonard Martinez
4489,albuquerque, new mexico, usa,"albuquerque , new mexico , usa",33,87101,288467270,cwabfihQhV6,Roseanne Sabella
4554,gibsonia, pennsylvania, usa,"gibsonia , pennsylvania , usa",53,15044,584508075,PBQTFjV,Ernest Townsend
4794,albuquerque, new mexico, usa,"albuquerque , new mexico , usa",33,87101,667200869,yKEPBZzt31,Glenn Buckner
6831,yakima, washington, usa,"yakima , washington , usa",21,98901,389343418,1CnUJoEl,Kenneth Graves
7009,albuquerque, new mexico, usa,"albuquerque , new mexico , usa",27,87101,690472759,SaiPY806Dk19bj,Lawanda Myers
7366,webster, massachusetts, usa,"webster , massachusetts , usa",62,01570,633103992,ZQPI26K5,Brandon Lowe
7403,terrell, texas, usa,"terrell , texas , usa",59,75161,690441505,rT5gIpjSg4Pu,Albert Howell
7685,asheville, north carolina, usa,"asheville , north carolina , usa",56,28715,649118957,QVh4CO9n7f,Raymond Kasper
7803,lacey, washington, usa,"lacey , washington , usa",46,98503,656846356,9e953zePU00oqNSQ,Debra Thomas
9094,albuquerque, new mexico, usa,"albuquerque , new mexico , usa",24,87101,401081840,AWBrCJ8ddN,Timothy Bryan
9200,columbia, missouri, usa,"columbia , missouri , usa",59,65201,545233604,8XB403q,Kirk Plummer
9435,san francisco, california, usa,"san francisco , california , usa",42,94128,180395660,yjvQp6js1UXOJbd,William Lane
9664,chapin, south carolina, usa,"chapin , south carolina , usa",21,29036,208715213,OsOwtKO1eN,Clement Tibbs
9757,xenia, ohio, usa,"xenia , ohio , usa",44,45385,677610107,sIRPn0zqaxu,Tressa Hunter
11787,olympia, washington, usa,"olympia , washington , usa",51,98506,588405369,QLB6CNSb1j,Warren Green
11815,charlotte, north carolina, usa,"charlotte , north carolina , usa",21,28105,182281277,PtoZ1s,Nola Scott
12563,belchertown, massachusetts, usa,"belchertown , massachusetts , usa",41,01007,628695130,5oPOmkD21hVpO,Jillian Stephenson
12889,lexington, missouri, usa,"lexington , missouri , usa",65,64067,240210166,KZZGEf91LQ9my6eH,Leonor Citron
13499,independence, missouri, usa,"independence , missouri , usa",53,64015,490584103,f4BgcRWxi7H1Hc,Sarah Martin
14560,cohasset, massachusetts, usa,"cohasset , massachusetts , usa",40,02025,743839224,1kRlubHtkf,Tara Shiffer
14764,lacey, washington, usa,"lacey , washington , usa",55,98503,452550399,FMEtqaAYnN,Wayne Waldschmidt
16183,glen rock, new jersey, usa,"glen rock , new jersey , usa",65,07452,380837688,NcvJ4q0HA8,Harriett Stevens
16783,lebanon, new jersey, usa,"lebanon , new jersey , usa",26,08833,435620294,kFXZWb,Jasper Vanpelt
17078,howell, new jersey, usa,"howell , new jersey , usa",18,07710,598884276,jajhlKh8gCQH2,Alyssa Hightower
17196,grand rapids, michigan, usa,"grand rapids , michigan , usa",45,49501,195787030,WEnCJcq2gHTE1qw,David Mears
17763,springfield, missouri, usa,"springfield , missouri , usa",65,65619,762702278,yyDcnWxCitn,Felice Alvarez
18044,montgomery, texas, usa,"montgomery , texas , usa",19,77356,229791426,qhmZ4X,Ronald Putman
18610,englewood, new jersey, usa,"englewood , new jersey , usa",33,07631,535412192,h9TUloT,James Heady
18650,auburn, washington, usa,"auburn , washington , usa",41,98001,709486188,TMTdOp86c,Erin Mcgee
19016,wheatland, oklahoma, usa,"wheatland , oklahoma , usa",40,73097,749291225,h3m0aDN4EnAzbwkd,Darryl Fischer
19105,charlotte, north carolina, usa,"charlotte , north carolina , usa",21,28105,634913065,YFPoT513cZj46t,Sally Nelson
19624,waukesha, wisconsin, usa,"waukesha , wisconsin , usa",30,53072,377192016,wS94i3sLlPd,Wesley Palmer
19753,st.louis, missouri, usa,"st.louis , missouri , usa",38,63101,711381468,yj9cEIBhz,Albina Myers
20541,portland, oregon, usa,"portland , oregon , usa",42,94135,186587587,Ats3KQEkQMy4q,Mary Erickson
20864,san antonio, texas, usa,"san antonio , texas , usa",28,78006,287939134,zouhZYqcDr,Isaac Robles
21480,boston, pennsylvania, usa,"boston , pennsylvania , usa",35,15135,339430766,gbOG85Qk6R,Frank Duncan
21575,albuquerque, new mexico, usa,"albuquerque , new mexico , usa",25,87101,682927461,NPyZTHxZDwJz89,Ronald Williams
21581,albuquerque, new mexico, usa,"albuquerque , new mexico , usa",38,87101,200632814,7P0OMSoTgxU,Preston Montgomery
24125,st. louis, missouri, usa,"st. louis , missouri , usa",50,63101,654093343,hU0VHD4v8b,Vincent Cote
24140,myerstown, pennsylvania, usa,"myerstown , pennsylvania , usa",26,17067,159384588,uEDiHNYrN8,David Smith
25051,baltimore, maryland, usa,"baltimore , maryland , usa",41,21201,313525396,zPyTq2RVqP,Steve Bolding
25147,albuquerque, new mexico, usa,"albuquerque , new mexico , usa",33,87101,383605606,jaxFu4,Carolyn Frye
25751,saint paul, minnesota, usa,"saint paul , minnesota , usa",53,55101,523100149,guSFNP910n85Jf,Bobby Hubbard
26026,gays mills, wisconsin, usa,"gays mills , wisconsin , usa",36,54631,655142979,Msq3S1U2Mr0MK,Miriam Vang
26070,houston, texas, usa,"houston , texas , usa",28,77001,641196788,vVxxbTnNqF,Carrie Davey
26197,new bern, north carolina, usa,"new bern , north carolina , usa",28,28560,496518753,ijMpO0pWoWWUPZ,Peter Rosario
26537,centerburg, ohio, usa,"centerburg , ohio , usa",62,43011,338636868,tFrueNYel,Daphne Salerno
26697,cedarville, ohio, usa,"cedarville , ohio , usa",28,45314,645844054,nGahj1ihE5eOqka,Jo Bellocchio
27333,nashua, new hampshire, usa,"nashua , new hampshire , usa",56,03060,343046426,I3ljobaCj0,Kevin Simonson
27468,west allis, wisconsin, usa,"west allis , wisconsin , usa",24,53214,629401946,cbOxMI7InQ0pP8,Edwina Freer
27513,lincoln, nebraska, usa,"lincoln , nebraska , usa",23,68501,693233795,DkqDvJujPchun9VR,Clara Reardon
27563,conway, south carolina, usa,"conway , south carolina , usa",47,29526,191698522,0unvsrwiKK3,Anthony Piercy
28588,seattle, washington, usa,"seattle , washington , usa",42,98101,736391188,BrBpPty,Christopher Shaw
29173,shaker heights, ohio, usa,"shaker heights , ohio , usa",47,44118,787498385,0kDOOhq7,Joann Boatright
29959,jackson, missouri, usa,"jackson , missouri , usa",22,63755,498621628,1jszwWWwBLK,Robert Getz
30258,shorewood, wisconsin, usa,"shorewood , wisconsin , usa",53,53211,792442914,Bc1IuF03u9ywqsU,Lana Chadwick
30513,columbia, missouri, usa,"columbia , missouri , usa",44,65201,483678108,CwFeOjRQCGjv,Charles Mieles
30668,upper darby, pennsylvania, usa,"upper darby , pennsylvania , usa",20,19018,190484234,Y1Eo6xqpbrhs,Lonnie Bodner
30707,flint, michigan, usa,"flint , michigan , usa",27,48501,548041004,nWMaX0VfJIJ,Michelle Wynn
31960,fremont, wisconsin, usa,"fremont , wisconsin , usa",42,54940,661313712,yRvWrXEHqcYGlHy,Daniel Tegeler
31983,byron, minnesota, usa,"byron , minnesota , usa",43,55920,177052350,fTlKHEyXW,Marcia Cooper
32075,fairfax station, virginia, usa,"fairfax station , virginia , usa",56,22030,466448112,Ll6TLz,Tammy Lewis
33155,raleigh, north carolina, usa,"raleigh , north carolina , usa",50,27513,404354031,me95YiM4Fm73,John Osborne
35324,xenia, ohio, usa,"xenia , ohio , usa",39,45385,252655510,FYSTv2U9oX,Eddie Cotrell
36797,avon lake, ohio, usa,"avon lake , ohio , usa",54,44012,648791024,Q68rjAn,Marleen Mach
39457,xenia, ohio, usa,"xenia , ohio , usa",46,45385,443423418,MGlDBJnIq,Evette Venable
39737,albuquerque, new mexico, usa,"albuquerque , new mexico , usa",62,87101,368450950,3tYUlbRqOU,Kayla Blanco
40952,pgh, pennsylvania, usa,"pgh , pennsylvania , usa",19,15106,279243159,tNaAlR9BR9aC,Robert Basden
44130,salt lake city, utah, usa,"salt lake city , utah , usa",29,84044,773742807,LbWJqX67Md,Gary Kimura
45181,florence, south carolina, usa,"florence , south carolina , usa",40,29501,762778793,o71pv8GQvWEWzaC,Steven Malone
46182,cumberland, rhode island, usa,"cumberland , rhode island , usa",27,02863,212805873,fFeQVI,Nathaniel Vachon
46443,asheville, north carolina, usa,"asheville , north carolina , usa",56,28715,631312033,Ry5wH4QH,Nick Sheffield
46570,charleston, west virginia, usa,"charleston , west virginia , usa",60,25301,681892480,fWvZTF4WZ,Philip Bailey
47787,lexington, massachusetts, usa,"lexington , massachusetts , usa",32,01731,370437300,9ZV7T5bJ1yCjWqP,Travis Duvall
48183,oak harbor, washington, usa,"oak harbor , washington , usa",28,98277,207717736,3TbZYuxi45jEq,Mickey Kramer
48226,chesapeake, virginia, usa,"chesapeake , virginia , usa",62,23325,394113962,uiMwk0MXQ59,Danny Picard
48652,st. peters, missouri, usa,"st. peters , missouri , usa",50,63301,510920968,z3hwN1waI3iFKAjJ,Evelyn Masin
49646,san diego, california, usa,"san diego , california , usa",52,92119,599108339,RUmWTYHAlm,David Elrick
49753,burlington, wisconsin, usa,"burlington , wisconsin , usa",64,53105,527380946,zKt8Ee9zzR,Arthur Little
50146,albuquerque, new mexico, usa,"albuquerque , new mexico , usa",35,87101,315329152,uKkXXX03NV4mh,Jason Brandenburg
50323,durham, north carolina, usa,"durham , north carolina , usa",27,27517,340443085,v82vp1moI,James Puckett
50523,charleston, south carolina, usa,"charleston , south carolina , usa",63,29401,585955955,frqiSlvt8,Margarita Cooks
51062,ann arbor, michigan, usa,"ann arbor , michigan , usa",21,48103,407587206,cibrE0,Annie Rosario
51295,detroit, michigan, usa,"detroit , michigan , usa",37,48127,711747190,XCcuH22nLzE9K2zB,Kimberly Montgomery
51330,vienna, virginia, usa,"vienna , virginia , usa",27,22180,654468346,CyMokhj9GF9N,Darrin Green
51626,massillon, ohio, usa,"massillon , ohio , usa",37,44646,379245652,mh50aQMAbKK,Robert Louie
51735,schertz, texas, usa,"schertz , texas , usa",20,78108,496853737,63ZLJO,Fay Gayton
51820,missoula, montana, usa,"missoula , montana , usa",57,59801,194128293,SZ0UDbk,Herbert Reaves
52082,madill, oklahoma, usa,"madill , oklahoma , usa",58,73446,668856832,rwDvmmCToTNLb,Steven Yoder
52770,xenia, ohio, usa,"xenia , ohio , usa",40,45385,275916420,3gPsa0WGZr,Lauren Wheeler
52787,albany, texas, usa,"albany , texas , usa",59,76430,338188126,4XeVFU48cUx9,Billy Luna
52792,xenia, ohio, usa,"xenia , ohio , usa",22,45385,728317613,u7zCzfhUbVw5tc2,Alan Matyas
52987,shelton, washington, usa,"shelton , washington , usa",51,98584,493386895,9lfsNYA7,Philip Aston
53355,albuquerque, new mexico, usa,"albuquerque , new mexico , usa",61,87101,302990715,mPYOYY1A5omIypyd,Latonia Beauchamp
54333,albuquerque, new mexico, usa,"albuquerque , new mexico , usa",19,87101,189839631,O0Q3AyL,Ernestine Mayo
54411,rutherford, new jersey, usa,"rutherford , new jersey , usa",18,07070,519286758,suyrPiVkKzo38Y,Edwin Pierce
55158,portland, oregon, usa,"portland , oregon , usa",54,94135,227959461,3fOD7j,Darryl Dunn
55311,petersburg, ohio, usa,"petersburg , ohio , usa",40,44454,513414494,evjEP6eWEfsY,Aaron Sharpe
55413,rising star, texas, usa,"rising star , texas , usa",48,76471,172449166,IQ5FyaD,Douglas Sparks
56367,leavittsburg, ohio, usa,"leavittsburg , ohio , usa",41,44430,181024499,zUDsAGGiC,Luisa Alexander
56511,edmond, oklahoma, usa,"edmond , oklahoma , usa",24,73003,468663182,zz1ASYySW,Dale Risley
56987,albuquerque, new mexico, usa,"albuquerque , new mexico , usa",61,87101,474316553,LRj5Uk,Kurt Waugh
56990,creve coeur, missouri, usa,"creve coeur , missouri , usa",24,63132,219568892,2yrlEVy8fNW,Thomas Vest
57202,bismarck, north dakota, usa,"bismarck , north dakota , usa",47,58501,400677120,mWUIuzT,Virginia Jenkins
57271,austin, texas, usa,"austin , texas , usa",61,78652,406794934,MPVV50,Sarah Conger
57350,pittsburgh, pennsylvania, usa,"pittsburgh , pennsylvania , usa",55,15106,510146630,8Gg1zM1E,Nichole Cook
57494,mabank, texas, usa,"mabank , texas , usa",61,75147,767966632,nRFKrgDY,Charlotte Cavender
57763,west jordon, utah, usa,"west jordon , utah , usa",28,84047,635048732,kI1a8cDPGAmBqAv,Larry Molino
58110,ellicott city, maryland, usa,"ellicott city , maryland , usa",44,21041,501777155,klVRn3uwQdOB,Anthony Janecka
60543,north charleston, south carolina, usa,"north charleston , south carolina , usa",31,29418,304254013,bemwfVE,Donna Esparza
61330,monroe twp, new jersey, usa,"monroe twp , new jersey , usa",48,08831,776934945,9coRRiI,Jill Frison
61346,flushing, michigan, usa,"flushing , michigan , usa",37,48433,743030028,72vqoIG1,Helen Duboise
61458,silverdale, washington, usa,"silverdale , washington , usa",50,98311,473120279,cGI3DcQ5,Novella Rider
62103,white lake, michigan, usa,"white lake , michigan , usa",59,48327,186198047,rCPqc7xRz7c,Nora Harris
62593,milford, pennsylvania, usa,"milford , pennsylvania , usa",22,18337,283480049,zrgS1gFW,Amanda Ramos
63547,albuquerque, new mexico, usa,"albuquerque , new mexico , usa",51,87101,498053156,3BeFPRSWXZiIAWbu,Jason Marshall
63937,new kensington, pennsylvania, usa,"new kensington , pennsylvania , usa",47,15068,528221871,Ebv3CQ,Robert Sanders
65576,pittsburgh, pennsylvania, usa,"pittsburgh , pennsylvania , usa",47,15106,527666602,AWfsNTKp,James King
66115,xenia, ohio, usa,"xenia , ohio , usa",60,45385,445356279,eo71ry,Betty Oneal
66481,albuquerque, new mexico, usa,"albuquerque , new mexico , usa",56,87101,230219678,89K5p1,Robert Spencer
66733,cleveland heights, ohio, usa,"cleveland heights , ohio , usa",23,44106,760596008,u3PkNM47kef6,Maria Tinsley
67126,charlottesville, virginia, usa,"charlottesville , virginia , usa",20,22906,202448954,lpdyylnjK1,Alfredo Buettner
67136,rapid city, south dakota, usa,"rapid city , south dakota , usa",63,57701,694880672,bNllR1K4eg,William Buckingham
67243,fernley, nevada, usa,"fernley , nevada , usa",40,89408,329304703,2LJZHorSmn2a,Laura Colon
67350,tularosa, new mexico, usa,"tularosa , new mexico , usa",26,88352,549413736,mwZkRp2GSTrV26,Carl Flores
67368,seattle, washington, usa,"seattle , washington , usa",19,98101,580043067,so3gjkAsIBZHSOJ,Laura Robbins
67461,eugene, oregon, usa,"eugene , oregon , usa",44,97401,660542748,CRoGZGDOjGbALg,Lisa Gonzalez
67661,fremont, nebraska, usa,"fremont , nebraska , usa",54,68025,570803918,METZpecVv6e,Hank Garcia
67821,olympia, washington, usa,"olympia , washington , usa",32,98506,225991832,mtKqz14PR4,Joseph Miller
67962,austin, texas, usa,"austin , texas , usa",41,78652,305084649,paoryyKQ,Dave Allen
68575,new london, ohio, usa,"new london , ohio , usa",47,44851,262817651,pVrgwEZtlll,Leland Best
68822,dallas, texas, usa,"dallas , texas , usa",48,75001,188396700,H0HhkRfw,Ryan Neal
69108,springfield, missouri, usa,"springfield , missouri , usa",46,65619,502682123,PbnwLx5cj8lyJ,Phil Mauldin
69579,millburn, new jersey, usa,"millburn , new jersey , usa",26,07039,260962347,FvKqcP,Julie Gordon
73270,milwaukee, wisconsin, usa,"milwaukee , wisconsin , usa",27,53201,564945423,iGoCXUd9xO,Paul Miller
74450,albuquerque, new mexico, usa,"albuquerque , new mexico , usa",43,87101,725597086,MquS70AsrX,Andrew Huizar
74622,hillsboro, wisconsin, usa,"hillsboro , wisconsin , usa",27,54634,647868346,h6ZzjJwK1u,Jody Tait
74624,cleveland, ohio, usa,"cleveland , ohio , usa",64,44101,788034970,t2bS1h7AkiSMus,Larry Shiffer
74873,champlin, minnesota, usa,"champlin , minnesota , usa",39,55316,592086310,4gY2dla2VOj,Frank Thompson
75296,norfolk, virginia, usa,"norfolk , virginia , usa",29,23324,361645327,qRApi2,Michael Bell
75373,mt. angel, oregon, usa,"mt. angel , oregon , usa",49,97362,327683377,XJ6EuyJ0a,Joel Coll
75403,radnor, pennsylvania, usa,"radnor , pennsylvania , usa",30,19087,592321494,fXtSXZ8nUW,Dawn Bennett
75702,irving, texas, usa,"irving , texas , usa",57,75014,761693797,5whpvcBdj6i,Patricia Sorum
75820,elizabeth, pennsylvania, usa,"elizabeth , pennsylvania , usa",21,15037,170440242,ERVJtL6aUAGctj7P,Hector Paquin
76820,jackson, michigan, usa,"jackson , michigan , usa",20,49202,572662443,kis0oDB9RUNY,Cassie Mooneyham
78587,vancouver, washington, usa,"vancouver , washington , usa",56,98607,585927151,RNqXXfazP6N3s7z,Lois Hicks
78997,crofton, maryland, usa,"crofton , maryland , usa",35,21114,772635928,GQXtAoBn,Samantha Cosgrove
79006,san marcos, california, usa,"san marcos , california , usa",38,92024,358122322,NVjEmOgyX,Roger Kayser
79347,olympia, washington, usa,"olympia , washington , usa",32,98506,384246016,Ewrvwy,Eric Ross
79565,albuquerque, new mexico, usa,"albuquerque , new mexico , usa",35,87101,451332452,Wvjl6Z4,Gina Olvera
80145,washington, maine, usa,"washington , maine , usa",61,04574,486582660,uBBQFpe33LrMLT,Brian Bradley
80263,columbia, south carolina, usa,"columbia , south carolina , usa",64,29044,460846229,yPlpDpnye2LBd1g,Peter Houston
80831,coppell, texas, usa,"coppell , texas , usa",34,75006,784017316,NJTAtZHdVZTR2,Wilbur Thurman
82015,methuen, massachusetts, usa,"methuen , massachusetts , usa",53,01844,370437688,5hxHMulF8zqHaXJ,Marcus Bennett
82237,camp hill, pennsylvania, usa,"camp hill , pennsylvania , usa",65,17001,318194553,445RSnXi,Ruby Mccumber
82802,anoka, minnesota, usa,"anoka , minnesota , usa",50,55303,490048427,h7Lyoicqrbe4yX1,Ronald Riner
83404,clinton, mississippi, usa,"clinton , mississippi , usa",38,39056,195568916,KhnpvlCrnTh,Patrick Button
83972,albuquerque, new mexico, usa,"albuquerque , new mexico , usa",61,87101,775337307,6bCj9Ffkawpb2,Rosemarie Hickman
84274,little silver, new jersey, usa,"little silver , new jersey , usa",46,07739,439310032,xFP7Gb,Dorothy Gonzalez
84486,alberqueque, new mexico, usa,"alberqueque , new mexico , usa",65,87101,411070836,cLP03NYiKBM4wS,Jerome Turner
84877,centralia, washington, usa,"centralia , washington , usa",26,98531,461192962,8PWSxb4vMOLu5r,Carmen Wolfe
84964,olympia, washington, usa,"olympia , washington , usa",50,98506,428545563,ZXqlRhbO6ytc449,Nelly Duran
85026,keene, new hampshire, usa,"keene , new hampshire , usa",22,03431,243811311,vu330uQWSXoy,Michelle Stanley
86061,clarksville, tennessee, usa,"clarksville , tennessee , usa",18,37040,545610239,sM1rU4m71k8dv,David Taylor
86503,albuquerque, new mexico, usa,"albuquerque , new mexico , usa",33,87101,721441272,igzixyMdC,Armida Russell
86622,portland, oregon, usa,"portland , oregon , usa",60,94135,282236265,blX3kI,William Jones
87157,middletown, pennsylvania, usa,"middletown , pennsylvania , usa",41,17057,158915064,kpKoWG38jkmWNw,Victoria Smith
87770,albuquerqe, new mexico, usa,"albuquerqe , new mexico , usa",47,87101,433780635,QUj4j7UCLn8Ns8hJ,Linda Stowell
88136,wall, new jersey, usa,"wall , new jersey , usa",22,07719,602190139,3ri6OmvP8ato,Dannette Turner
88624,bismarck, north dakota, usa,"bismarck , north dakota , usa",29,58501,665083484,D6c2e0mDJj,Gregg Rosen
90305,birmingham, michigan, usa,"birmingham , michigan , usa",32,48009,527797280,WESLabA,Isabella Rose
90473,knoxville, tennessee, usa,"knoxville , tennessee , usa",43,37901,440832376,Y6WuXzzr,Gary Peters
91951,olympia, washington, usa,"olympia , washington , usa",25,98506,499657308,zx6u3F3UFu,Mary Rodgers
92185,san francisco, california, usa,"san francisco , california , usa",46,94128,176941311,tAz3hKQT30VHf3pV,Ana Silva
92494,knoxville, tennessee, usa,"knoxville , tennessee , usa",64,37901,568295494,JLdyjLw,James Albert
95673,coal township, pennsylvania, usa,"coal township , pennsylvania , usa",40,17860,446366848,vK95Ahi5FvnY2zi,Felipe Boyle
97187,bismarck, north dakota, usa,"bismarck , north dakota , usa",43,58501,511840831,ObcHECw,Rebecca Donatello
97826,lehi, utah, usa,"lehi , utah , usa",57,84043,752667875,5OKgIH,Tosha Felix
98222,ellicott city, maryland, usa,"ellicott city , maryland , usa",59,21041,355048340,yxDrPnw3m,Margaret Ramos
98478,gloucester, virginia, usa,"gloucester , virginia , usa",25,23061,530102571,vpFRcgXywY,Renee Smith
99293,albuquerque, new mexico, usa,"albuquerque , new mexico , usa",25,87101,273165144,7j72MjvIkG37OH,Susie Taul
99308,albuquerque, new mexico, usa,"albuquerque , new mexico , usa",33,87101,482028119,QHj57ETvUWBuAF,Arthur Frazier
100046,san antonio, texas, usa,"san antonio , texas , usa",53,78006,194959905,rYvuiKD,Kirby Swinerton
101382,whitney, texas, usa,"whitney , texas , usa",41,76692,790640047,67CiwAJRh9f,Arlene Dage
101995,chippewa falls, wisconsin, usa,"chippewa falls , wisconsin , usa",53,54729,449288970,3ga2A28,Melissa Deblase
102769,philadelphia, pennsylvania, usa,"philadelphia , pennsylvania , usa",45,19019,610713358,W3cI5hHDgA,Antonio Muth
103172,bedford, texas, usa,"bedford , texas , usa",47,76021,702293153,zkcyZwHkZN5IrT,Darnell Jenkins
103189,carnation, washington, usa,"carnation , washington , usa",37,98014,205644237,uojBe1FwTW2lgL0,Mario Mathis
103418,wakefield, rhode island, usa,"wakefield , rhode island , usa",44,02879,655185153,wiMfxMgYNm3,Cindy Orlowski
103432,waukesha, wisconsin, usa,"waukesha , wisconsin , usa",48,53072,742903794,UZ2WE3s05geJ,Edward Broughton
104256,north charleston, south carolina, usa,"north charleston , south carolina , usa",21,29418,249458599,kSXnRalAPz5UBQLE,Adeline Castleman
104587,shoreview, minnesota, usa,"shoreview , minnesota , usa",32,55126,784422077,K7E6DxI7uQ51Va,Andre Cadena
105141,robbinsville, new jersey, usa,"robbinsville , new jersey , usa",25,08520,480352544,SdN3By4e1AjrT,Eduardo Neumaier
105220,new berlin, wisconsin, usa,"new berlin , wisconsin , usa",19,53146,228113726,euYkRyK6DIp1Y,Christine Horton
105420,westminster, maryland, usa,"westminster , maryland , usa",61,21157,435720978,qwXe2si,Walter Hohl
107449,san diego, california, usa,"san diego , california , usa",53,92103,433488954,PlJt1fPyni,William Smith
107623,norfolk, virginia, usa,"norfolk , virginia , usa",31,23324,180396915,sbV4TycbS18Xuq,June Maresco
107690,north las vegas, nevada, usa,"north las vegas , nevada , usa",28,89030,717692226,R2XBvJW,Monica Dostal
109904,sagamore, pennsylvania, usa,"sagamore , pennsylvania , usa",18,16250,440059702,pci3NEhs8fcIA,Traci Chreene
110042,albuqueruqe, new mexico, usa,"albuqueruqe , new mexico , usa",59,87101,467506271,yIuHSJhCRWbyUV,Mark Mclemore
110049,albuqueruqe, new mexico, usa,"albuqueruqe , new mexico , usa",32,87101,641198151,zIGJ6fZOfXzZX1,Melissa Tovar
110123,albuquerque, new mexico, usa,"albuquerque , new mexico , usa",46,87101,599085252,cBH74yFCyHh4oBUi,Patricia Switzer
110553,marysville, ohio, usa,"marysville , ohio , usa",36,43040,640647956,Fsl3K9l3,Matthew Day
110642,san diego, california, usa,"san diego , california , usa",56,92103,206706920,tutNi3bloqM7,William Turner
111197,guaynabo, puerto rico, usa,"guaynabo , puerto rico , usa",53,00725,596672612,vV9tykLQutmpTd92,Michael Wigley
114187,poynette, wisconsin, usa,"poynette , wisconsin , usa",48,53955,699679724,oEtO6w4dqcrwf8Ku,Janette Fowler
115736,san angelo, texas, usa,"san angelo , texas , usa",50,76901,594563453,Ex9iMD,Ezequiel Nobles
117011,falls city, nebraska, usa,"falls city , nebraska , usa",50,68355,747531780,38aTdE3WWYiyHZ4V,Donald Johnson
117204,albuquerque, new mexico, usa,"albuquerque , new mexico , usa",58,87101,182302358,CZggFpO,Matthew Bell
118994,st.louis, missouri, usa,"st.louis , missouri , usa",25,63101,383220485,5dsNdvNdhvrCpSq8,John Dreesman
123255,pittsburgh, pennsylvania, usa,"pittsburgh , pennsylvania , usa",53,15106,731875879,Pt4ZVd4gHxVgUaye,Donald Hopson
123591,delmont, pennsylvania, usa,"delmont , pennsylvania , usa",64,15626,758379769,y1ZVy9MmP1b0BfY,Philip Patella
124542,bellingham, washington, usa,"bellingham , washington , usa",61,98225,723743400,SFfMVoi2XX3GwQ7F,Ryan Carlos
125396,albuquerque, new mexico, usa,"albuquerque , new mexico , usa",64,87101,416947394,e7nTbO,Brenda Maya
126414,albuquerque, new mexico, usa,"albuquerque , new mexico , usa",37,87101,220597459,FJNk97LJSmWrYuAs,Ivan Clark
126415,aluqueruqe, new mexico, usa,"aluqueruqe , new mexico , usa",36,87101,177696065,DBsz7SYys,Georgia Skidmore
126458,albuquerque, new mexico, usa,"albuquerque , new mexico , usa",62,87101,477265903,PlhHapj3Mk,Latoya Gilbert
127375,stayton, oregon, usa,"stayton , oregon , usa",31,97383,365870387,fTvxMw2a2eePC,Oliva Smith
127898,seattle, washington, usa,"seattle , washington , usa",19,98101,265462715,bHuhO2S,William Bagshaw
129494,portland, oregon, usa,"portland , oregon , usa",57,94135,787174892,OK6mVFrkFwb,Philip Nugent
129770,chesapeke, virginia, usa,"chesapeke , virginia , usa",28,23325,709642528,CItTP1eb,Tawnya Dixon
129869,glenburn, maine, usa,"glenburn , maine , usa",49,04401,327679314,eOuTScoTaDKIK2Eh,Richard Kelly
130368,olympia, washington, usa,"olympia , washington , usa",43,98506,300363938,FmKzFH6ZdV9,Jeffrey Irland
131029,richland, washington, usa,"richland , washington , usa",50,99352,261524640,ufk9cByJ8V3p,Len Bateman
131172,cassville, missouri, usa,"cassville , missouri , usa",53,65625,731094155,q7dEJYTGWe3a,Nathaniel Gumbs
131291,natick, massachusetts, usa,"natick , massachusetts , usa",28,01760,413450201,SATtcfby6X,Penny Bessey
131394,san antonio, texas, usa,"san antonio , texas , usa",19,78006,783731969,5aEDoF6C7kQAlnH,David Patterson
131432,branchburg, new jersey, usa,"branchburg , new jersey , usa",51,08853,708700377,zvdMeJz0WsT0,Jose Dyer
132455,frisco, texas, usa,"frisco , texas , usa",52,75034,272544716,r2mYZBxCeDuFnV,Christopher Ortiz
133736,albuquerque, new mexico, usa,"albuquerque , new mexico , usa",57,87101,775896135,xdEmE1pP2h2hqXoM,Carmen Paulk
134111,spanaway, washington, usa,"spanaway , washington , usa",18,98387,552291243,yv95vl4HoMtir4k,Duane Dunnings
134319,garfield heights, ohio, usa,"garfield heights , ohio , usa",62,44105,628623046,Fxc7eid05QcSUI,Benjamin Edwards
135337,saint paul, minnesota, usa,"saint paul , minnesota , usa",23,55101,583557189,10dkKlxuXdcX,Michael Mecham
136059,hampstead, north carolina, usa,"hampstead , north carolina , usa",58,28411,582830987,QTmRzj4,Chester Clark
136383,johnson city, tennessee, usa,"johnson city , tennessee , usa",26,37601,750456565,jQVD8c6tDU,William Smith
138025,bixby, oklahoma, usa,"bixby , oklahoma , usa",39,74008,338063047,HoDfjZXcdxAI,Max Martin
138053,delavan, wisconsin, usa,"delavan , wisconsin , usa",20,53115,744867892,Vnhf568aVGL,Benjamin Zimmerman
138220,schertz, texas, usa,"schertz , texas , usa",51,78108,743988613,nQWo7Gl6nNPTWZQ,Jennifer Ripple
138294,portland, oregon, usa,"portland , oregon , usa",64,94135,407559491,rk4v2ok0Mx,Sammie Helm
138723,milford, new hampshire, usa,"milford , new hampshire , usa",57,03055,174187493,NFUJ8HwWE0qoW4,John Yang
138818,minneapolis, minnesota, usa,"minneapolis , minnesota , usa",59,55111,460465719,JOQmNbcllyP,Gloria May
139897,portland, oregon, usa,"portland , oregon , usa",51,94135,264843979,GgZESRY7ymV,Susan Brady
139979,orem, utah, usa,"orem , utah , usa",63,84057,588379174,UtDcIX,Arthur Fitzgerald
141031,olympia, washington, usa,"olympia , washington , usa",28,98506,675728585,Da6H62LQwB8Itj5m,Mary Koontz
141387,cypress, texas, usa,"cypress , texas , usa",65,77410,429187179,9F9NPCqiG,Shawna Porter
142819,southern pines, north carolina, usa,"southern pines , north carolina , usa",62,28374,516871873,gaaxwtm,Jamaal Mutchler
143221,racine, wisconsin, usa,"racine , wisconsin , usa",22,53401,541754803,HchhN3AN1q,Wayne Gonzales
143273,salt lake city, utah, usa,"salt lake city , utah , usa",21,84044,161058031,swK8Nx2eD81v0Fi,Harlan Swann
144087,scotch plains, new jersey, usa,"scotch plains , new jersey , usa",49,07076,299475178,EPyBY53za8mg,Sara Michaud
144488,albuquerque, new mexico, usa,"albuquerque , new mexico , usa",37,87101,469426263,2ZSggDg,Rose Mcmahon
144660,stedman, north carolina, usa,"stedman , north carolina , usa",30,28391,356861275,b5gqdt,Karen Robinson
145474,akron, ohio, usa,"akron , ohio , usa",35,44223,398425470,tNRhaxb0,Fred Harper
145490,delbarton, west virginia, usa,"delbarton , west virginia , usa",23,25670,516375682,wSEwdOs4Cn,Nancy Crane
145710,wynnewood, pennsylvania, usa,"wynnewood , pennsylvania , usa",51,19003,722690056,gnqx9Zc,Janice Tsan
145833,duvall, washington, usa,"duvall , washington , usa",41,98019,232321068,1j5pvr3FxbinybR,Adele Wilburn
146378,albuquerque, new mexico, usa,"albuquerque , new mexico , usa",65,87101,358837571,XxdSLDrUgdma,Blake Ross
146466,indianapolis, indiana, usa,"indianapolis , indiana , usa",25,46163,166678070,llFKk8,Bonnie Nelson
146613,bismarck, missouri, usa,"bismarck , missouri , usa",47,63624,469190771,FljJf0,Jim Murach
147434,frisco, texas, usa,"frisco , texas , usa",38,75034,557876225,dI27je0PK4q,Aaron Klein
148547,kansas city, missouri, usa,"kansas city , missouri , usa",54,64030,469579901,3CfE3tK9R3P1hug,Darlene Varney
148843,smithville, missouri, usa,"smithville , missouri , usa",28,64089,518100876,ZUQBaamcsMbwU,Chester Mcgraw
149701,washington, new jersey, usa,"washington , new jersey , usa",20,07882,566403297,IYXmB5LBarxy4Uy3,Steven Crespo
150257,frostburg, maryland, usa,"frostburg , maryland , usa",37,21532,236432592,w0sCy5zY,Joseph Sexton
150344,charlotte, north carolina, usa,"charlotte , north carolina , usa",52,28105,344136532,dNnmZ4XM7,Felix White
150615,vancouver, washington, usa,"vancouver , washington , usa",22,98607,529050144,dTf8K2YlSSTrTQ,Helen Gittens
150862,middleton, wisconsin, usa,"middleton , wisconsin , usa",24,53562,485360081,QoPasyGtWaGjc,James Overstreet
151318,kansas city, missouri, usa,"kansas city , missouri , usa",21,64030,538548329,EdynfK,Niki Dempster
151933,cincinnati, ohio, usa,"cincinnati , ohio , usa",61,41073,627982931,mFAQD77FlU2voY,Patricia Reed
152488,new bern, north carolina, usa,"new bern , north carolina , usa",42,28560,165565743,JYkLxIKJbKNy,Evelyn Lieberman
152727,keller, texas, usa,"keller , texas , usa",56,76248,495415356,OtWa9i,Benjamin Marcus
153031,albuquerque, new mexico, usa,"albuquerque , new mexico , usa",64,87101,715296521,CmgAyhd,Martin Battle
153032,albuquerque, new mexico, usa,"albuquerque , new mexico , usa",22,87101,686415840,y4zyTcihhkr01tO7,Roger Sansburn
154119,salt lake city, utah, usa,"salt lake city , utah , usa",32,84044,404482247,3S41ycDKbsRu,Jeffrey Polk
156267,bridgewater, new jersey, usa,"bridgewater , new jersey , usa",60,08836,701594756,Hd3R1P3bW9KVhh,Pedro Jensen
158232,santaquin, utah, usa,"santaquin , utah , usa",24,84655,512856664,dqy2IZ,Harold Sager
159040,federal way, washington, usa,"federal way , washington , usa",65,98001,580549504,NRoEqEawFyOh,Amanda Mackay
159224,philadelphia, pennsylvania, usa,"philadelphia , pennsylvania , usa",25,19019,221830332,2Z8LeL,Jonathan Hays
159512,reston, virginia, usa,"reston , virginia , usa",55,20170,266130434,ouD9wQLmB,Rosalee Hoffman
161874,bridgewater, new jersey, usa,"bridgewater , new jersey , usa",47,08836,651344067,1HNjDQ80ctLRL,Kris Estrada
161907,appleton city, missouri, usa,"appleton city , missouri , usa",26,64724,470762205,k75JWZauYL,Raymond Salisbury
163943,saginaw, michigan, usa,"saginaw , michigan , usa",26,48601,389047337,KrSJdn1,Valerie Bailey
164322,montgomery village, maryland, usa,"montgomery village , maryland , usa",52,20877,274170433,bScGgcjA5DyzmB,Katherine Martinez
164514,olympia, washington, usa,"olympia , washington , usa",27,98506,307352195,9TN9zbQ,Jackie Brown
164649,campbell, missouri, usa,"campbell , missouri , usa",34,63933,373584129,PmIPivP,Roger Cody
164654,bedford, texas, usa,"bedford , texas , usa",28,76021,779157341,XkZUpmFAyV7vQ3,Leslie Meza
165165,fargo, north dakota, usa,"fargo , north dakota , usa",36,58102,502744846,qwWSLN,Debrah Graham
165190,albuquerque, new mexico, usa,"albuquerque , new mexico , usa",64,87101,646889676,1JwZsFFpnLD2z,Lawrence Torres
165303,north royalton, ohio, usa,"north royalton , ohio , usa",34,44133,161116059,FiMv69GTFYh0,Lauren Hodge
166062,bloomfield, new jersey, usa,"bloomfield , new jersey , usa",24,07003,746591675,TvyECDlnFKGg,Thomas Goldsmith
166175,dill city, oklahoma, usa,"dill city , oklahoma , usa",36,73641,585762947,7VWuh0,Michele Tagliente
166843,arbor vitae, wisconsin, usa,"arbor vitae , wisconsin , usa",18,54568,704571029,kF5L20P1,Clarence Gilbert
167520,richmond, kentucky, usa,"richmond , kentucky , usa",38,40403,780177495,DajBOwr,Margaret Cowan
169592,pittsburgh, pennsylvania, usa,"pittsburgh , pennsylvania , usa",27,15106,277441248,S5A5qQzC70,Stephanie Gauthier
171497,norfolk, massachusetts, usa,"norfolk , massachusetts , usa",49,02056,539669270,W1BU8CF,Gerardo Bethea
172036,san antonio, texas, usa,"san antonio , texas , usa",34,78006,503108928,4l9pbC45Gaf,Jeffrey Contreras
173510,mercer, pennsylvania, usa,"mercer , pennsylvania , usa",43,16137,672950854,fkmdDLXO8FPx0d,Dominic Lineberry
173840,pittsburgh, pennsylvania, usa,"pittsburgh , pennsylvania , usa",54,15106,591937003,BnJUd2J,Nicholas Carlson
175226,bridgewater, new jersey, usa,"bridgewater , new jersey , usa",48,08836,399789762,jOmXGnkRxT0,Nickole Okelly
175927,oak ridge, tennessee, usa,"oak ridge , tennessee , usa",57,37748,486100765,siIu26f,Mazie Berg
177057,mckinney, texas, usa,"mckinney , texas , usa",40,75013,737369740,OcjEntmVIbm,William Braud
178974,olympia, washington, usa,"olympia , washington , usa",62,98506,787766412,92TDu7lHtZiRR,Bobby Pinner
180050,seattle, washington, usa,"seattle , washington , usa",46,98101,600657518,O6iod184q,Andres Rubel
180435,missoula, montana, usa,"missoula , montana , usa",21,59801,624177726,FqIPHFTgdeGn,Stacie Smith
180969,green bay, wisconsin, usa,"green bay , wisconsin , usa",54,54229,609743504,TrRjzZkOZzI,Latoya Brown
181264,houston, texas, usa,"houston , texas , usa",22,77001,235171769,cMmKG270H,Christina Roloff
181310,austin, texas, usa,"austin , texas , usa",37,78652,409955920,7ckIPdscYe,Randi Matthews
181423,albuquerque, new mexico, usa,"albuquerque , new mexico , usa",52,87101,461514871,bqVpX4Jr,Michael Trent
183220,grants pass, oregon, usa,"grants pass , oregon , usa",47,97526,613554572,vBba0GXG0KBiBurh,Edna Calvert
183542,saginaw, michigan, usa,"saginaw , michigan , usa",29,48601,237599095,dWoTz7q,Judy Middleton
184582,las vegas, nevada, usa,"las vegas , nevada , usa",56,88901,492077634,VpCz4JhVweragsoc,Maria Bennett
185367,charlotte, north carolina, usa,"charlotte , north carolina , usa",29,28105,783080441,Fq1oVgHCud5iO4,Holly Marsh
186710,mount vernon, washington, usa,"mount vernon , washington , usa",54,98273,450756142,W5fvINg58P,Verna Ahn
187894,roanoke, virginia, usa,"roanoke , virginia , usa",61,24001,529606398,qjj30BxHXLYK561z,Bruce Meade
188595,san antonio, texas, usa,"san antonio , texas , usa",35,78006,310339937,oSzNUI,Gary Thacker
189518,broken arrow, oklahoma, usa,"broken arrow , oklahoma , usa",27,74012,221462070,Hk0XAit,Ila Lett
190439,new london, wisconsin, usa,"new london , wisconsin , usa",27,54961,536730345,GFdE9MrYb4Bps63,Kenneth Green
192002,hampstead, north carolina, usa,"hampstead , north carolina , usa",60,28411,732020127,nYPmYH,Mike Goodwin
192793,albuquerque, new mexico, usa,"albuquerque , new mexico , usa",65,87101,623582379,bQo5GsC,Chris Mcgroarty
193604,portland, oregon, usa,"portland , oregon , usa",38,94135,569653463,caISrhb1C513O37,Charles Smith
193727,raleigh, north carolina, usa,"raleigh , north carolina , usa",19,27513,783033676,0op7ifFjIjo,Rogelio Silva
194411,bedford, massachusetts, usa,"bedford , massachusetts , usa",58,01730,171371112,bhoDAr0k,Ashley Huerta
194821,st.louis, missouri, usa,"st.louis , missouri , usa",34,63101,225288316,Q7Vbx9jQo9YgAb,Adam August
194984,springfield, ohio, usa,"springfield , ohio , usa",26,45501,304030429,2ZBemUo,Amy Nicholson
195359,chesapeake, virginia, usa,"chesapeake , virginia , usa",40,23325,567223705,GiBIQ6TjBjQfqh,Crystal Harris
196185,pharr, texas, usa,"pharr , texas , usa",25,78577,291897749,fUzcVa072sa,Marie Costain
197873,jamestown, rhode island, usa,"jamestown , rhode island , usa",48,02835,156883708,j0TX3ZiqLMQ,James Kahl
197883,norfolk, virginia, usa,"norfolk , virginia , usa",43,23324,419796948,zp0Z8r,Stephen Hilliard
198518,galloway, new jersey, usa,"galloway , new jersey , usa",64,08087,674118982,da4EyccfuRpPLHq,Amanda Moody
198855,bozeman, montana, usa,"bozeman , montana , usa",43,59715,734202715,HXoevrhmnx7,Gerald Burbage
199001,abbeville, south carolina, usa,"abbeville , south carolina , usa",47,29620,205362941,ZyWCAHZe,Jean Lewis
199572,carver, massachusetts, usa,"carver , massachusetts , usa",55,02330,362092554,MAnhKicgbsaeI92e,Danny Quan
199748,florissant, missouri, usa,"florissant , missouri , usa",35,63031,470277235,WqgeEG,Charles Calvert
200579,lyndhurst, new jersey, usa,"lyndhurst , new jersey , usa",51,07031,421927029,ycXL1sMyV,Janet Mosley
200828,upper darby, pennsylvania, usa,"upper darby , pennsylvania , usa",39,19018,284131115,mLjukOFixHMaUJN,Amanda Schuld
200875,marion, north carolina, usa,"marion , north carolina , usa",35,28737,245987232,RpcZDD,Roseanna Walker
201350,san francisco, california, usa,"san francisco , california , usa",44,94128,644376430,nT9uMQDNmpkAJ,Jason Cox
201409,jackson, michigan, usa,"jackson , michigan , usa",45,49202,354461010,mq9r0v0nJ4TYTnU,Kristi Upchurch
201430,green bay, wisconsin, usa,"green bay , wisconsin , usa",30,54229,576938920,UWp8p8IK,Steven Reams
201437,chesapeake, virginia, usa,"chesapeake , virginia , usa",59,23325,594180239,MTChBafSz,Isabelle Hewitt
201900,pitman, new jersey, usa,"pitman , new jersey , usa",22,08071,549681239,bJeGrDKes,Antoinette Elwell
202215,austin, texas, usa,"austin , texas , usa",61,78652,243998267,aKXlSIGui,Gloria Mccall
203129,edina, minnesota, usa,"edina , minnesota , usa",22,55343,526101837,pq4BWFFJTLSkL,Anthony Callahan
203166,indiana, pennsylvania, usa,"indiana , pennsylvania , usa",63,15701,502991884,4MuhhX8,Lisa Brion
203245,warren, rhode island, usa,"warren , rhode island , usa",37,02885,672800755,24DnOXceOEX,Doris Hernandez
203270,rockville, maryland, usa,"rockville , maryland , usa",30,20847,320354596,Zwfyg1EjrB,Christopher Solano
203383,frederick, maryland, usa,"frederick , maryland , usa",57,21701,359668197,PO1KmCj2W,Pat Kunkel
204052,charleston, south carolina, usa,"charleston , south carolina , usa",51,29401,364099307,CwxYl4KIip7,Jody Benson
204731,carver, massachusetts, usa,"carver , massachusetts , usa",56,02330,236804889,MGNT17T6JWJVIEWc,Cynthia Isaacs
205243,albuquerque, new mexico, usa,"albuquerque , new mexico , usa",53,87101,694569801,LSvCTjZ6d,Kevin Degasparre
205764,saginaw, michigan, usa,"saginaw , michigan , usa",61,48601,628021865,BJoBue0CHkc8wS,Kenneth Mchone
206053,williamsport, pennsylvania, usa,"williamsport , pennsylvania , usa",51,17703,752110917,UrBlpkxPHFxgj,Robert Worthley
206216,providence, rhode island, usa,"providence , rhode island , usa",18,02860,413791977,RVy1dXwPXe2l,David Mcallen
206605,albuquerque, new mexico, usa,"albuquerque , new mexico , usa",64,87101,416673428,2794NP1,Rafaela Taylor
206675,asheville, north carolina, usa,"asheville , north carolina , usa",54,28715,743594403,GBiLA2gxWeUhCTGe,Steven Washington
206761,indianapolis, indiana, usa,"indianapolis , indiana , usa",22,46204,517178103,utyjfLljZZKur,Maria Duncan
206966,asheville, north carolina, usa,"asheville , north carolina , usa",61,28715,586895171,fkRsA67,Patrick Johnson
208447,shrewsbury, massachusetts, usa,"shrewsbury , massachusetts , usa",62,01545,512132810,wioNF51mja,Marion Kramarczyk
208746,bismarck, north dakota, usa,"bismarck , north dakota , usa",30,58501,237456502,McbMr5s5eF,John Bennett
210692,cary, north carolina, usa,"cary , north carolina , usa",61,27511,380259791,IshhLhSjbcEKCaiO,Rasheeda Rodriguez
210863,hampden, massachusetts, usa,"hampden , massachusetts , usa",52,01036,164076251,ZTWvqZwxM,Stanley Adomaitis
210883,clarksburg, maryland, usa,"clarksburg , maryland , usa",58,20841,265499792,ZQh6nDx7,Lloyd Slusher
211439,muskegon, michigan, usa,"muskegon , michigan , usa",32,49440,698157937,1NU6JucKFAdtWE,Priscilla Barbosa
213343,albuquerque, new mexico, usa,"albuquerque , new mexico , usa",20,87101,391891409,1pgAznEM,Bernadette Lowe
213818,carolina, puerto rico, usa,"carolina , puerto rico , usa",60,00729,640275711,wRZv4QXt8,Mable Oneill
213904,missoula, montana, usa,"missoula , montana , usa",29,59801,774169043,1TaiZ9SSNhLkm,Nell Wester
214503,albuquerque, new mexico, usa,"albuquerque , new mexico , usa",64,87101,608896990,nNDYU8AtbgJ7n,Eric Smith
214534,cleveland heights, ohio, usa,"cleveland heights , ohio , usa",39,44106,545591930,ojzpwI9tLab,Eddie Robbins
214775,hollis, maine, usa,"hollis , maine , usa",19,04042,716644212,BlhvA41Fjpk,Paul Kremen
214804,olympia, washington, usa,"olympia , washington , usa",27,98506,656750627,zkzajqkUdJq,Miguel Lamoreaux
215789,san antonio, texas, usa,"san antonio , texas , usa",37,78006,260860034,FHqNYeLx9COe6i,Melissa Hays
215891,san antonio, texas, usa,"san antonio , texas , usa",49,78006,558736414,l8D8pjY9RbBSJ,Lee Knox
216516,houston, texas, usa,"houston , texas , usa",64,77001,582346969,yvSKM9ijBQYzbs,Donna Cockerham
216690,monroe, north carolina, usa,"monroe , north carolina , usa",32,28110,731285060,G3OuwDt,Brenda Garcia
216960,reedsville, wisconsin, usa,"reedsville , wisconsin , usa",53,54230,379774398,2ENl1kl,Alanna Borrelli
217357,humble, texas, usa,"humble , texas , usa",64,77338,378595716,jisuezlv9jJokQxz,Kerry Flores
217371,albuquerque, new mexico, usa,"albuquerque , new mexico , usa",63,87101,757311599,Qsl3oC,Patricia Butler
217373,albuquerque, new mexico, usa,"albuquerque , new mexico , usa",52,87101,471289707,yjtP7RChd,David Skaggs
218156,sewell, new jersey, usa,"sewell , new jersey , usa",51,08080,219525253,fM5Ne6UZSr,Mary Furfaro
218773,rochester, minnesota, usa,"rochester , minnesota , usa",57,55901,505923498,31dA2W9b,Kevin Mccall
219005,williamstown, massachusetts, usa,"williamstown , massachusetts , usa",45,01267,315949995,AqJsyd4sikdb,James Shuler
219241,carnation, washington, usa,"carnation , washington , usa",36,98014,366572060,QbP4OoKUON,Luis Ramsey
220295,milwaukee, wisconsin, usa,"milwaukee , wisconsin , usa",40,53201,639180090,F4BW5fAl3zk0GsG,Lester Peeler
221614,olympia, washington, usa,"olympia , washington , usa",18,98506,214966585,Vbax7zr,Lee Ibarra
223772,falmouth, maine, usa,"falmouth , maine , usa",35,04050,191574967,SYL1Rc59LzjT,William Crain
224174,cumberland, maryland, usa,"cumberland , maryland , usa",37,21501,214111634,qeFyXAo1TxBmC,Kimberly Curry
224987,sanford, north carolina, usa,"sanford , north carolina , usa",53,27237,247880344,lnSZD1,Jamie Ogden
225186,albuquerque, new mexico, usa,"albuquerque , new mexico , usa",61,87101,278213899,TuU9iQ4T,Wendy Bates
226440,north easton, massachusetts, usa,"north easton , massachusetts , usa",39,02356,329213588,GupeKxS1,Charles Ho
228526,nashville, tennessee, usa,"nashville , tennessee , usa",51,37011,638471090,unZ2YoROSAe2MggB,William Smith
229585,littlefield, texas, usa,"littlefield , texas , usa",56,79339,450451679,0wlqDyO,Christina Latimore
229657,st. peters, missouri, usa,"st. peters , missouri , usa",44,63301,654710697,x3dtCCd1XsOvp,Luke Lane
230613,st. louis, missouri, usa,"st. louis , missouri , usa",24,63101,307510809,1I0fD30PwaQ4q1XN,Michael Juarez
230806,roanoke, virginia, usa,"roanoke , virginia , usa",41,24001,546127669,o5CqxrbXlZ,Sharon Coffin
231573,san antonio, texas, usa,"san antonio , texas , usa",29,78006,545164137,GmnHocc2r9r2WQMu,Johnnie Cassin
233087,bay city, michigan, usa,"bay city , michigan , usa",58,48706,738419752,gcubX1yGN4a0sJRn,Helen Grandy
234153,saegertown, pennsylvania, usa,"saegertown , pennsylvania , usa",33,16433,522342776,0cRJ2t,Michael Morehead
234736,philadelphia, pennsylvania, usa,"philadelphia , pennsylvania , usa",34,19019,523928752,5JkSIL7dUgUu0o,Harry Eagle
234764,lousiburg, north carolina, usa,"lousiburg , north carolina , usa",31,27549,440045833,OVipxbdkURCA,Wesley Victor
234835,watchung, new jersey, usa,"watchung , new jersey , usa",43,07069,758454390,xKueJRWJZozwV,Glenn Burton
235421,baltimore, maryland, usa,"baltimore , maryland , usa",35,21201,599599865,4hdSCjrWM,Sam Shavers
236136,york, pennsylvania, usa,"york , pennsylvania , usa",39,17401,362232308,gXAkLyq7yYqi4h,Billie Szerszen
236439,frederick, maryland, usa,"frederick , maryland , usa",20,21701,534903457,HjeYkbg,Ruth Simpson
236980,washington, new jersey, usa,"washington , new jersey , usa",57,07882,440425875,QEtOTRxtcHllIG4,Casey Hughes
237071,st. louis, missouri, usa,"st. louis , missouri , usa",40,63101,771417849,YbxYTJ4m,Deborah Walker
237317,albuquerque, new mexico, usa,"albuquerque , new mexico , usa",40,87101,722909347,YpG9m24DLzpCEYGZ,Nathan Vogelpohl
237611,grand rapids, michigan, usa,"grand rapids , michigan , usa",25,49501,157377390,kUy6B7V,Carol Taylor
